Aeshna.canadensis,Aeshna.constricta,Aeshna.eremita,Aeshna.interrupta,Aeshna.tuberculifera,Aeshna.umbrosa,Amphiagrion.saucium,Anax.junius,Argia.fumipennis,Argia.moesta,Arigomphus.furcifer,Basiaeschna.janata,Boyeria.grafiana,Boyeria.vinosa,Calopteryx.aequabilis,Calopteryx.amata,Calopteryx.maculata,Celithemis.elisa,Celithemis.eponina,Chromagrion.conditum,Coenagrion.resolutum,Cordulegaster.diastatops,Cordulegaster.maculata,Cordulia.shurtleffii,Didymops.transversa,Dorocordulia.libera,Dromogomphus.spinosus,Enallagma.annexum,Enallagma.aspersum,Enallagma.boreale,Enallagma.carunculatum,Enallagma.civile,Enallagma.ebrium,Enallagma.exsulans,Enallagma.geminatum,Enallagma.hageni,Enallagma.signatum,Enallagma.vernale,Enallagma.vesperum,Epitheca.canis,Epitheca.cynosura,Epitheca.princeps,Epitheca.spinigera,Erythemis.simplicicollis,Gomphus.adelphus,Gomphus.borealis,Gomphus.descriptus,Gomphus.exilis,Gomphus.quadricolor,Gomphus.spicatus,Hagenius.brevistylus,Helocordulia.uhleri,Ischnura.posita,Ischnura.verticalis,Ladona.julia,Lanthus.parvulus,Lestes.congener,Lestes.disjunctus,Lestes.dryas,Lestes.eurinus,Lestes.forcipatus,Lestes.inaequalis,Lestes.rectangularis,Lestes.unguiculatus,Lestes.vigilax,Leucorrhinia.frigida,Leucorrhinia.glacialis,Leucorrhinia.hudsonica,Leucorrhinia.intacta,Leucorrhinia.proxima,Libellula.incesta,Libellula.luctuosa,Libellula.pulchella,Libellula.quadrimaculata,Macromia.illinoiensis,Nehalennia.irene,Ophiogomphus.aspersus,Ophiogomphus.carolus,Ophiogomphus.mainensis,Pachydiplax.longipennis,Pantala.flavescens,Perithemis.tenera,Plathemis.lydia,Somatochlora.elongata,Somatochlora.walshii,Somatochlora.williamsoni,Stylogomphus.albistylus,Stylurus.scudderi,Stylurus.spiniceps,Sympetrum.costiferum,Sympetrum.internum,Sympetrum.obtrusum,Sympetrum.semicinctum,Sympetrum.vicinum,Tramea.lacerata
Aeshna.canadensis,1,0.658686143036775,0.905878051614042,0.864091424075431,0.845234147716863,0.63554045613316,0,0.501255168332101,0,0,0,-0.899705148398085,0,-0.446841993334403,-0.804495378844841,-0.968072772156871,-0.594178330174049,0.548623913254861,0.814798139183976,0,0,-0.647232505330881,-0.942498869203921,0,-0.55495948026318,0,-0.824460316432992,0,0.866614959774661,0,0,0.847329641476481,0,0,0.812732072107903,0.347739386817033,0,-0.555278375291073,0,0,0,0,0,0.493815283574072,-0.971991044999631,-0.527617662291057,-0.97185671181131,-0.671769585840589,-0.733469940557831,-0.687094408983098,-0.901561646092034,-0.972071975950278,0.602261254855568,0.521678213961793,0,-0.686408230346957,0.91762401045897,0.98098958725911,0,0,0.941356453897485,0.415032543983005,0.979979146931917,0,0.945953630126474,0.274287775393702,0,0,0,0,0.729004871904959,0.386779113785884,0.302960584479184,0,-0.940214146984795,0,-0.92911587083721,-0.907199602323342,-0.905013146394697,0.893691203818379,0.73847564803918,0.797553615092086,0,0,0,0,-0.936275639301277,0,-0.521502325742384,0.767692165580528,0.972467227299547,0.973258704052027,0.865053293682494,0.972287737041569,0.810748771746063
Aeshna.constricta,0.658686143036775,1,0,0.906114811964381,0.906610866334143,0.959049448591316,-0.839367951429745,0,0,0,-0.725924937533149,-0.868415289391088,0.546524946990142,0,-0.676125020102882,-0.645446958678897,-0.634157557247795,0,0,-0.78316759762874,-0.722614546380178,-0.952143104116848,-0.464073011960894,-0.706486177422362,-0.938377333871273,-0.689750270690782,0,0,0,-0.77388575443699,0,0.715918300000095,-0.548284153384493,0,0,-0.367070134730418,0,-0.910713772538846,0,-0.863803588495584,-0.841066001021371,-0.542000024782358,-0.827259008925932,0,-0.658638761436133,-0.950398064119778,-0.680181766388609,-0.938711668344294,-0.91153594024385,-0.962333661681799,0,-0.613806375180047,0,0,-0.760880072452468,0,0.85663886611008,0.679875036438024,0,0,0.792184179979819,0,0.668741950664039,0,0.604704418888094,-0.491310154041029,0,-0.825985009280352,-0.557669769258307,-0.774960994466213,0,0,-0.468048027890446,-0.699935050556902,-0.571161195169465,-0.535179737681895,0,0,0,0,0.922670170364986,0,-0.634750472813457,0,0,0,-0.561946842137835,0,0,0.837645316432633,0.748131771440516,0.704323498135488,0.903696422392754,0.757748263587345,0
Aeshna.eremita,0.905878051614042,0,1,0.670215725258985,0.652560538075441,0,0,0.716460228145813,0,0,0,-0.732727199423669,-0.467107967495374,-0.669478670543916,-0.736380370978676,-0.911542824336115,-0.524075179580268,0.737783077987242,0.736908191657521,0,0,0,-0.953541726521647,0,0,0,-0.813599506105227,0,0.897881994918447,0,0,0.734879132442543,0.474451967958968,0,0.901987155669702,0.524774839952885,0.692230340170823,0,0,0,0,0,0,0.704059285184048,-0.907449345531994,0,-0.898250438732357,0,0,0,-0.862071381080792,-0.926698988587632,0.783323752356196,0.726052550985369,0,-0.838346019649776,0.760217860407152,0.900241868263073,0,0.658321767866572,0.815149853614696,0.639023902596109,0.907596190357819,0,0.894967336732643,0.5310646299565,0.549567164890688,0,0.46879919683789,0,0.861618913412718,0.620519620251145,0.556249115891027,0,-0.911063729930339,0.490915183698331,-0.926429312234946,-0.930685368410319,-0.943899149438092,0.946794115985594,0,0.781562187028925,0,0,0,0,-0.907867057723729,-0.605304398166269,-0.715218639288401,0,0.861449236117731,0.881985845138262,0.668270368394724,0.861707040536252,0.872576739256245
Aeshna.interrupta,0.864091424075431,0.906114811964381,0.670215725258985,1,0.959478914584601,0.895195036253585,-0.681117467098765,0,0,0,-0.472969658288268,-0.960892083262572,0,0,-0.805487800880364,-0.854816099069739,-0.685351322583148,0,0.778615574735421,-0.546047719561461,-0.465917075380201,-0.896210263877232,-0.726449588273326,-0.443613123309656,-0.843277065116336,-0.419186290755273,-0.679615760874758,0,0.644111462158732,-0.545633439207208,0,0.842072453145393,0,0,0,0,0,-0.828533695246294,0,-0.673091071377072,-0.633801943304759,0,-0.619722205708609,0,-0.863123360197368,-0.840508131837202,-0.875243019155506,-0.899572553390867,-0.911888683447866,-0.921452598398745,-0.775972397816885,-0.833096887084715,0,0,-0.511333651760455,0,0.962525252111308,0.879360652282874,0,0,0.93577121349356,0,0.871553867988618,0,0.81602885526975,0,0,-0.606865790350695,0,-0.533518183724746,0,0,0,-0.430509696187352,-0.794399808867735,0,-0.74054531709682,-0.680900268652206,-0.656275215416167,0.628675474592675,0.92066566434697,0,-0.35287339018994,0,0,0,-0.787455961092328,0,0,0.877724605238744,0.916905671691869,0.889190442511316,0.967972665265835,0.924781375202597,0
Aeshna.tuberculifera,0.845234147716863,0.906610866334143,0.652560538075441,0.959478914584601,1,0.895285206275815,-0.687563522804372,0,0,0,-0.483982869832373,-0.95219544298328,0,0,-0.808613523829773,-0.837826753837452,-0.699100373857658,0,0.770869532438719,-0.55695013541533,-0.478193844848348,-0.893591009642995,-0.707553650596298,-0.456115018098437,-0.84125955959552,-0.431680227576542,0,0,0.625242789149,-0.555851597679298,0,0.829734390819327,0,0,0,0,0,-0.828200155942029,0,-0.67904214399141,-0.642247874470479,0,-0.628787596395953,0,-0.846764182958128,-0.840915152350912,-0.859372125781487,-0.898751794990226,-0.908858547561196,-0.919232430319443,-0.761243611387717,-0.81738887607492,0,0,-0.522007719315592,0,0.951450099977088,0.859477830172924,0,0,0.921682357297405,0,0.854910833429134,0,0.795085890041628,0,0,-0.615804972107403,0,-0.544118244812357,0,0,0,-0.443315086809774,-0.778078623901192,0,-0.72133958515468,-0.659498484115691,-0.633579648609477,0.60932850451483,0.912429237275832,0,0,0,0,0,-0.769082084585594,0,0,0.867729732947819,0.901249420864772,0.873271391817623,0.958369076568545,0.908373994747669,0
Aeshna.umbrosa,0.63554045613316,0.959049448591316,0,0.895195036253585,0.895285206275815,1,-0.848470995483108,0,0,0,-0.742634312099721,-0.853231846527451,0.568017226098476,0,-0.669317802370965,-0.624170874931834,-0.637667900634723,0,0,-0.799457798098607,-0.74138342017022,-0.953119830845666,-0.43858347700067,-0.724814833893612,-0.939629206715721,-0.707842700283363,0,0,0,-0.787481942393326,0,0.69788444366519,-0.57013502088411,0,0,-0.399633427952486,0,-0.915516300544295,0,-0.874341586602648,-0.853526304894289,-0.563530726567538,-0.839567870554986,0,-0.636699048587695,-0.953796246518124,-0.657828654390981,-0.936814759045188,-0.904979259529712,-0.959215814770475,0,-0.591391971191154,0,0,-0.776597037384762,0,0.841937252347199,0.656926738426958,0,0,0.773920349175104,0,0.646612629157347,0,0.581650958374765,-0.514391056124652,0,-0.838807099885821,-0.579071112841617,-0.790537404913435,0,-0.41398109340893,-0.491724994217548,-0.718991953445959,-0.548622713490604,-0.558403557525142,0,0,0,0,0.917239172573354,0,-0.656087110567068,0,0,0,-0.540842238550757,0,0,0.824114401936667,0.726406558134101,0.682212218138001,0.894215151892925,0.738681251018421,0
Amphiagrion.saucium,0,-0.839367951429745,0,-0.681117467098765,-0.687563522804372,-0.848470995483108,1,0,0,0,0.843955552491455,0.620193438397014,-0.741489199978385,0,0,0,0.468814871370758,0,0,0.878919088683137,0.844115589082606,0.837800548805424,0,0.838143134915117,0.860482365933858,0.828836615192299,0,0,0,0.859257190146837,0,0,0.747652928039693,0,0,0.589585294016939,0,0.830432879054211,0,0.905619095403795,0.893942423093353,0.735380406008761,0.879531589631117,0,0,0.890287092803047,0,0.807108721844865,0.745346157110879,0.825580151603275,0,0,0,0,0.868887314761712,0,-0.595227283088958,0,0,0,0,0,0,0,0,0.706606315591063,0.666973200069337,0.890196713249282,0.753385948996548,0.871249066730172,0,0.637138774101038,0.694867166296226,0.841928712360544,0,0.740245204329791,0,0,0,0,-0.756000379336445,0,0.796255959460372,0,0,0,0,0,0,0,0,0,-0.679939808756658,0,0
Anax.junius,0.501255168332101,0,0.716460228145813,0,0,0,0,1,0,-0.366766800056486,0.787302007586609,0,-0.90305445296847,-0.948702351814658,-0.382458068577925,-0.533876951057417,0,0.916821897610466,0,0.741967940849961,0.799624791623438,0,-0.699176591370804,0.807406432349177,0,0.832810715241391,0,0.840854374625158,0.692349142705175,0.719118879156538,0,0,0.912085431863728,0,0.807445542642859,0.785270663666852,0.823317360068599,0,0,0.627997836709739,0.663532610738913,0.895146250947964,0.666817533230513,0.955450741623469,-0.510919923708325,0.405101200089224,-0.487396525633245,0,0,0,-0.531493644697649,-0.562214187108124,0.95320798786755,0.960181740967631,0.780312917441702,-0.918641321797835,0,0.484408832522605,0,0.940353229167128,0,0.939707503078599,0.505416174216975,0,0.525105916916217,0.930564975744679,0.920173812018574,0.694420440073161,0.911169963779799,0.751930131206816,0.885864033029591,0.949071210121247,0.942311034548009,0.830837491037229,-0.584698127567083,0.917801200270967,-0.645399355058942,-0.706818415718638,-0.744496078971743,0.777054741118361,0,0,0.834037370870284,0,0,0.838903679729355,-0.585736839876617,-0.899884974013833,-0.900375497573119,0,0.39358734839682,0.450205694957578,0,0.392444999446369,0.746539834387998
Argia.fumipennis,0,0,0,0,0,0,0,0,1,0,0,0,0,0,0,0,0,0,0,0,0,0,0,0,0,0,0,0,0,0,0,0,0,0,0,0,0,0,0,0,0,0,0,0,0,0,0,0,0,0,0,0,0,0,0,0,0,0,0,0,0,0,0,0,0,0,0,0,0,0,0,0,0,0,0,0,0,0,0,0,0,0,0,0,0,0,0,0,0,0,0,0,0,0,0
Argia.moesta,0,0,0,0,0,0,0,-0.366766800056486,0,1,0,0.514895288107174,0,0,0.833522863134169,0.563086559513981,0.912061294868744,0,0,0,0,0,0.519291207317263,0,0,0,0,0,0,0,0,0,0,0.882736068336029,0,0,0,0,0,0,0,0,0,0,0.530911158432577,0,0.530921260125982,0,0,0,0.536573668006689,0.528158235915948,0,0,0,0,-0.520679542654041,0,0,0,0,0,-0.515647358260866,0,0,0,0,0,0,0,0,0,0,0,0.563208228446866,0,0.505284456401047,0.506615836118728,0.487228931033165,-0.49303500226249,0,0,0,0,0,0,0.555560715740202,0,0,0,0,0,0,-0.509390735757509,0
Arigomphus.furcifer,0,-0.725924937533149,0,-0.472969658288268,-0.483982869832373,-0.742634312099721,0.843955552491455,0.787302007586609,0,0,1,0,-0.930726361537331,-0.798883318515359,0,0,0,0.717920819302477,0,0.964592004880367,0.967454326804545,0.731805785743292,0,0.966536460395809,0.787167519166802,0.970056744594138,0,0.848730461144073,0,0.938862574808147,0,0,0.940796649825797,0,0,0.781605067799625,0,0.758816765438934,0,0.933471419227079,0.943741872919704,0.92765977876539,0.936914974792503,0.803255673230324,0,0.835141569077529,0,0.684731399218385,0.586472228732802,0.705859942798154,0,0,0.730623337272109,0.799438787779768,0.975826431330479,-0.630164439051218,0,0,0,0.813538968837899,0,0.840427363320051,0,0,0,0.919979132280453,0.884543454471682,0.956613044619572,0.944600704219118,0.968145886661652,0.562224958978715,0.873120363774173,0.912056539064864,0.974726275227443,0,0.937277528773582,0,0,0,0,-0.597946750747367,0,0.94778888481353,0,0,0.741512577827845,0,-0.80424388009293,-0.715564743354107,0,0,0,-0.472144962465937,0,0
Basiaeschna.janata,-0.899705148398085,-0.868415289391088,-0.732727199423669,-0.960892083262572,-0.95219544298328,-0.853231846527451,0.620193438397014,0,0,0.514895288107174,0,1,0,0,0.84492094214333,0.897921980177579,0.710808951344623,0,-0.809653339080613,0.465286146443548,0.378278632251238,0.857779873746469,0.785205762311318,0,0.79808348417613,0.330905122758271,0.729791244642411,0,-0.702014517697259,0.46469382517451,0,-0.85910195935994,0,0,-0.587843277452833,0,0,0.781578428332435,0,0.600727283966935,0.558243344791149,0,0.54400066375138,0,0.902631604320382,0.786729697001512,0.912738723072428,0.869635368133513,0.889130737589319,0.88610759173854,0.82027709869362,0.878812765489473,0,0,0.426315841416563,0,-0.971376949195352,-0.913770420365233,0,0,-0.951554755168283,0,-0.910246163278177,0,-0.856456538434954,0,0,0.529505010757612,0,0.451850145752457,0,0,0,0.341851394355936,0.844396241710952,0,0.794983148038283,0.742346575580327,0.721203387423077,-0.698024460223849,-0.8980327041972,0,0,0,0,0,0.83470382309994,0,0,-0.865561731095253,-0.943134384301189,-0.921160667113935,-0.961498195355593,-0.949958335846559,0
Boyeria.grafiana,0,0.546524946990142,-0.467107967495374,0,0,0.568017226098476,-0.741489199978385,-0.90305445296847,0,0,-0.930726361537331,0,1,0.905422870567632,0,0,0,-0.845096223681384,0,-0.91529744403218,-0.938799187667492,-0.554898548996614,0.431285478149882,-0.944474389764182,-0.630351345696237,-0.957334310713938,0,-0.887213623146866,0,-0.883677363748983,0,0,-0.975988851143093,0,-0.611071428651879,-0.843291243944679,-0.735404219364832,-0.605867330693401,0,-0.841344795386007,-0.86516173725004,-0.962250609369159,-0.860633110134594,-0.915758264479235,0,-0.683413624296847,0,-0.501365830933434,0,-0.51723135064649,0,0,-0.871911510649995,-0.9160832443436,-0.937206600075675,0.793173843212182,0,0,0,-0.911582222115829,0,-0.930733760108674,0,0,0,-0.971465506940486,-0.94028240560292,-0.885909039620902,-0.977992539562556,-0.920461988375497,-0.739101669520246,-0.95495438514893,-0.972642164007513,-0.959439353439464,0,-0.977509464620284,0,0.455251137532798,0.501706412910047,-0.537369230769872,0,0,-0.952674829048789,0,0,-0.827390658106363,0,0.893246826833151,0.838203110909934,0,0,0,0,0,0
Boyeria.vinosa,-0.446841993334403,0,-0.669478670543916,0,0,0,0,-0.948702351814658,0,0,-0.798883318515359,0,0.905422870567632,1,0,0.480111546790375,0,-0.897823235977702,0,-0.756134574296922,-0.81027480653604,0,0.651888019534529,-0.81855806640871,0,-0.840711515902414,0,-0.84091325920814,-0.644952763736379,-0.732443098550596,0,0,-0.911776830735125,0,-0.773250267197037,-0.77415135536334,-0.804536978340285,0,0,-0.651306703970937,-0.683153727444653,-0.892367079192258,-0.685661087718805,-0.936473187855923,0.458650145421389,0,0.433749853500169,0,0,0,0,0.508387558650027,-0.927263527561455,-0.938790580819691,-0.792517810450727,0.889827468690013,0,-0.430463035464689,0,-0.926218888812976,0,-0.929510110704981,-0.449855567597859,0,0,-0.926517005547678,-0.91079556660614,-0.712507245051185,-0.909125367295796,-0.767065893309123,-0.859109459150943,-0.935376679693259,-0.932549576896169,-0.838540995183794,0.536477302488435,-0.915303965568899,0.600442972206388,0.664278146940965,0.701336673891747,-0.732118844292098,0,0,-0.836775340009506,0,0,-0.833016510129251,0.540393793752451,0.891745582744987,0.888962007414554,0,0,0,0,0,-0.713890302151695
Calopteryx.aequabilis,-0.804495378844841,-0.676125020102882,-0.736380370978676,-0.805487800880364,-0.808613523829773,-0.669317802370965,0,-0.382458068577925,0,0.833522863134169,0,0.84492094214333,0,0,1,0.864060226525203,0.926731618636563,0,-0.774543108320809,0.258578622761335,0,0.657066424728261,0.784798860537505,0,0.603240098776051,0,0.758479174482814,0,-0.708896064647122,0,0,-0.757214086468346,0,0.829064745242698,-0.635539331999295,0,0,0.556517013350205,0,0.365724363654624,0.335707762644873,0,0,0,0.844278057688852,0.57461572115944,0.84813411517907,0.705524867395774,0.734952916223248,0.69708926352599,0.798220449499425,0.831547373718985,-0.394751034577588,-0.297505429565002,0,0.4933052088754,-0.853991593598503,-0.826280068152915,0,0,-0.848336828802063,0,-0.839055297016511,0,-0.782333708945624,0,0,0.309725825702678,0,0,-0.536521636021273,0,0,0,0.836573787543157,0,0.778359670584281,0.751888297606821,0.732898076753846,-0.72604813395164,-0.725790387857447,-0.693400038072387,0,0,0,0,0.827987711584475,0,0,-0.704472672987675,-0.825493526308479,-0.834461397830454,-0.797155726748236,-0.848986438888422,-0.677429137004978
Calopteryx.amata,-0.968072772156871,-0.645446958678897,-0.911542824336115,-0.854816099069739,-0.837826753837452,-0.624170874931834,0,-0.533876951057417,0,0.563086559513981,0,0.897921980177579,0,0.480111546790375,0.864060226525203,1,0.674911347675116,-0.56033407067818,-0.832337884305302,0,0,0.631970010894257,0.950950786926821,0,0.54420314101585,0,0.83941617116073,0,-0.873494424567218,0,0,-0.842311037842676,0,0.632641739710887,-0.824662089854388,-0.301236012565432,0,0,0,0,0,0,0,-0.506023609547756,0.977025926984989,0.512158731026469,0.975736734114621,0.667791895695807,0.727277971854485,0.676236341219715,0.912440175286031,0.974528684893797,-0.611791172872126,-0.52743341285238,0,0.698433026148513,-0.9155778615047,-0.972666317239708,0,-0.454562805349108,-0.939823054510152,-0.428388996236343,-0.977790106626144,0,-0.94256691951937,-0.290464239495435,0,0,0,0,-0.739845260615152,-0.396519635236389,-0.31918573364739,0,0.954533746701391,0,0.936707358214261,0.918791484270204,0.912390136030253,-0.904035027251963,-0.72695899945893,-0.807215881476616,0,0,0,0,0.951110702100923,0,0.534605825240218,-0.751851825831601,-0.960789023729825,-0.965465604171663,-0.853086834114152,-0.966351803267617,-0.82768711578121
Calopteryx.maculata,-0.594178330174049,-0.634157557247795,-0.524075179580268,-0.685351322583148,-0.699100373857658,-0.637667900634723,0.468814871370758,0,0,0.912061294868744,0,0.710808951344623,0,0,0.926731618636563,0.674911347675116,1,0,-0.646270761487089,0.35796914716243,0,0.611605540093881,0.570954795896632,0,0.590435921635337,0,0.606083054370905,0,-0.500737824840166,0,0,-0.610322036402921,0,0.859542889586022,-0.422070630708033,0,0,0.528909126499661,0,0.415880243570034,0.403669896860266,0,0.379681107672069,0,0.650217902690216,0.569864676611668,0.658246184590679,0.659712513923753,0.658144223973065,0.645723492200871,0.624797075246035,0.630586192837491,0,0,0.303984363420318,0,-0.712735109710574,-0.62484793814484,0,0,-0.686159612782526,0,-0.640433485432059,0,-0.58037628826628,0,0,0.387394047558909,0,0.335248032199901,0,0,0,0.245899825371134,0.646950690154382,0,0.572117926336098,0.541002856132394,0.515323508074115,-0.508349201343285,-0.650173506014067,0,0.290240193772838,0,0,0,0.639524349607524,0,0,-0.597075121793243,-0.635006385389991,-0.64181875218907,-0.673145265389443,-0.666827222536958,-0.482025469889096
Celithemis.elisa,0.548623913254861,0,0.737783077987242,0,0,0,0,0.916821897610466,0,0,0.717920819302477,0,-0.845096223681384,-0.897823235977702,0,-0.56033407067818,0,1,0,0.672376493071744,0.726267874671642,0,-0.720008892836584,0.743296849705917,0,0.765794467211003,0,0.789776244694533,0.708832975401263,0.640620131773583,0,0,0.857357275728817,0,0.82316641595122,0.800171684627607,0.812919709900382,0,0,0,0.588971148605548,0.841965320137697,0.588262782937431,0.923742879328474,-0.548588989348883,0,-0.524126414994979,0,0,0,0,-0.596373456027868,0.930644711720826,0.931967767791135,0.708289178384627,-0.907637747968365,0,0.528913268255774,0,0.902276847895595,0,0.907648120956055,0.54487553630007,0,0,0.878982666993279,0.863050607777483,0.618359826805712,0.853383117994035,0.683578063229579,0.895145728944056,0.915651682677419,0.890979953666099,0.761400466363509,-0.610796015766964,0.864279931076467,-0.671528321784567,-0.727633708849464,-0.763883649351463,0.791340757058021,0,0,0.790842983220611,0,0,0.819655509161721,-0.60841152343244,-0.864938633018227,-0.874882643445396,0,0,0,0,0,0.756625853631238
Celithemis.eponina,0.814798139183976,0,0.736908191657521,0.778615574735421,0.770869532438719,0,0,0,0,0,0,-0.809653339080613,0,0,-0.774543108320809,-0.832337884305302,-0.646270761487089,0,1,0,0,0,-0.77284164229967,0,0,0,0,0,0,0,0,0,0,0,0,0,0,0,0,0,0,0,0,0,-0.825269142913986,0,-0.829371945592516,0,0,0,-0.774104445912156,-0.815092506900012,0,0,0,0,0.818229116233147,0.822867339037144,0,0,0.824079536580265,0,0.824250117826013,0,0.794444723886577,0,0,0,0,0,0,0,0,0,-0.791662927498703,0,-0.764914754346917,-0.739320955911269,-0.729145261976797,0.720495442604618,0,0,0,0,0,0,-0.788503505831814,0,0,0,0.822854903923987,0.81958899764107,0.778676927486051,0.834579338747971,0
Chromagrion.conditum,0,-0.78316759762874,0,-0.546047719561461,-0.55695013541533,-0.799457798098607,0.878919088683137,0.741967940849961,0,0,0.964592004880367,0.465286146443548,-0.91529744403218,-0.756134574296922,0.258578622761335,0,0.35796914716243,0.672376493071744,0,1,0.969967929243085,0.785747914495373,0,0.967914146660784,0.837764893149272,0.968566715530567,0,0.832161818154399,0,0.95123047647075,0,0,0.922841151530971,0,0,0.767858318434138,0,0.807065262772643,0,0.958407033152659,0.964785191838147,0.909513025496199,0.95601537765218,0.763938264090175,0,0.879397987467648,0,0.745605580454765,0.65131414544503,0.764542942796027,0,0,0.683126212623048,0.760808913363106,0.983925082974579,-0.572677133750502,-0.431894344993804,0,0,0.777176799313211,0,0.807297038963184,0,0,0,0.896752487972906,0.854467463941248,0.97574528226746,0.928437435243044,0.978671687082264,0.503896651366063,0.843452563027842,0.887425424655338,0.975212624656561,0,0.920559837117315,0,0,0,0,-0.663565232612546,0,0.946128776795075,0,0,0.709587941635948,0,-0.775562133199332,-0.674137947529186,0,0,0,-0.54405613658845,0,0
Coenagrion.resolutum,0,-0.722614546380178,0,-0.465917075380201,-0.478193844848348,-0.74138342017022,0.844115589082606,0.799624791623438,0,0,0.967454326804545,0.378278632251238,-0.938799187667492,-0.81027480653604,0,0,0,0.726267874671642,0,0.969967929243085,1,0.731240161092321,0,0.970689296184456,0.78517408845648,0.978130489108765,0,0.85599498395699,0,0.944330851737504,0,0,0.948147206514399,0,0,0.780487061086332,0,0.762320336239834,0,0.936731914501659,0.945471992697119,0.933439312018978,0.941342048688325,0.811376658500844,0,0.833731854030965,0,0.67879349822944,0.581881808830511,0.70069392887922,0,0,0.740240114119603,0.80881797636924,0.981055783143189,-0.640440286083246,-0.345456179316294,0,0,0.823137859161126,0,0.848431602289518,0,0,0,0.928444785873981,0.893250767284709,0.96083239552236,0.9531271552097,0.973143514460932,0.573220714322507,0.879684516729431,0.920921018665509,0.981422343762942,0,0.946355860428952,0,0,0,0,-0.594327061647833,0,0.952158604901473,0,0,0.746370014177457,0,-0.81544432515891,-0.728268237923324,0,0,0,-0.465584061838471,0,0
Cordulegaster.diastatops,-0.647232505330881,-0.952143104116848,0,-0.896210263877232,-0.893591009642995,-0.953119830845666,0.837800548805424,0,0,0,0.731805785743292,0.857779873746469,-0.554898548996614,0,0.657066424728261,0.631970010894257,0.611605540093881,0,0,0.785747914495373,0.731240161092321,1,0.450420261862038,0.713598106384438,0.932576890069057,0.696345403959511,0,0,0,0.777566907937957,0,-0.705623254917657,0.555892596404313,0,0,0.368651715533511,0,0.911899152742796,0,0.867697346387684,0.844158316978797,0.550254013608642,0.830057623590723,0,0.647663150633718,0.951956438880041,0.668089443430548,0.931604246958585,0.906934399865655,0.956109259000872,0,0.602475245173843,0,0,0.765425951460744,0,-0.845428606964544,-0.66978869116155,0,0,-0.780696576515884,0,-0.657742084444656,0,-0.59606049090201,0.500221164454693,0,0.829211816003569,0.564272479665463,0.77938052004122,0,0,0.476735177983733,0.706454045385235,0.556304345362168,0.54385946160787,0,0,0,0,-0.912965785618526,0,0.637738510982723,0,0,0,0.55056121913876,0,0,-0.832168899903481,-0.738034648905047,-0.691352488572634,-0.897650302759929,-0.746303588201521,0
Cordulegaster.maculata,-0.942498869203921,-0.464073011960894,-0.953541726521647,-0.726449588273326,-0.707553650596298,-0.43858347700067,0,-0.699176591370804,0,0.519291207317263,0,0.785205762311318,0.431285478149882,0.651888019534529,0.784798860537505,0.950950786926821,0.570954795896632,-0.720008892836584,-0.77284164229967,0,0,0.450420261862038,1,0,0,0,0.841699291738205,0,-0.912291601954799,0,0,-0.774740550018163,-0.4384236685507,0.594769203466273,-0.907206984755668,-0.493445362648649,-0.680441467425322,0,0,0,0,-0.429441913413199,0,-0.684021843127034,0.945815524509054,0,0.939080987296409,0.492125289285784,0.573945378275669,0.499265243691174,0.899460440839393,0.961078589346563,-0.770416755709354,-0.705042318122276,0,0.836381320131705,-0.813352320895999,-0.93971848725965,0,-0.634369614604158,-0.862587362274999,-0.615551147107816,-0.946674808644462,0,-0.925513412192396,-0.49699565814115,-0.516659627493961,0,-0.431488901895652,0,-0.859084104451616,-0.592703090707563,-0.523510569970653,0,0.944097246572266,-0.454392505116379,0.953730752634605,0.956484966081399,0.963935662860949,-0.962105488696205,-0.573213204483626,-0.806529340835537,-0.320373809383974,0,0,0,0.945171132626581,0.577347366970171,0.693471332191697,-0.629602529025503,-0.90455094085046,-0.922237909133773,-0.725973809388497,-0.905752832850128,-0.891265376013408
Cordulia.shurtleffii,0,-0.706486177422362,0,-0.443613123309656,-0.456115018098437,-0.724814833893612,0.838143134915117,0.807406432349177,0,0,0.966536460395809,0,-0.944474389764182,-0.81855806640871,0,0,0,0.743296849705917,0,0.967914146660784,0.970689296184456,0.713598106384438,0,1,0.772340899714378,0.978368474763066,0,0.862893187860521,0,0.939095953615543,0,0,0.953990144119609,0,0,0.803067263305571,0,0.741079416201862,0,0.927316416273988,0.940351534069038,0.938720538041801,0.932932131331556,0.826911118381115,0,0.819159041655204,0,0.664717525405213,0.562722287499219,0.684228209158724,0,0,0.757807140240809,0.825332622111605,0.97966663775752,-0.656630531658334,0,0,0,0.834866213569985,0,0.861655705368981,0,0,0,0.93614110582244,0.897516749779478,0.956344877001725,0.957740314122284,0.970028229187775,0.595771190067444,0.892803225102802,0.928379015736424,0.981735124651397,0,0.951533358186846,0,0,0,0,-0.575379279114415,0,0.959972090599039,0,0,0.760800317499442,0,-0.825324546769065,-0.741310523356307,0,0,0,-0.441867462328973,0,0
Didymops.transversa,-0.55495948026318,-0.938377333871273,0,-0.843277065116336,-0.84125955959552,-0.939629206715721,0.860482365933858,0,0,0,0.787167519166802,0.79808348417613,-0.630351345696237,0,0.603240098776051,0.54420314101585,0.590435921635337,0,0,0.837764893149272,0.78517408845648,0.932576890069057,0,0.772340899714378,1,0.757904698821464,0,0,0,0.819582876492625,0,0,0.633535710627951,0,0,0.459601405739992,0,0.904373166507655,0,0.895702506284485,0.879899373643294,0.62808225620566,0.863423966273234,0,0.558732640896186,0.948209792663085,0.581009449756905,0.914172303636315,0.872957683938493,0.934698445760407,0,0.509092616698927,0,0,0.818584579162147,0,-0.779725277274991,-0.580152806884976,0,0,-0.703675155801939,0,-0.566289923375139,0,0,0.583168185367229,0,0.868334770767013,0.643230154338799,0.826414467199876,0,0.489634153270252,0.561119239850165,0.766719380059224,0,0.622792364171279,0,0,0,0,-0.880862149623048,0,0.708997553782666,0,0,0,0,0,0,-0.783655460656469,-0.654833776980553,-0.605965319535518,-0.843082482488411,-0.665184326855934,0
Dorocordulia.libera,0,-0.689750270690782,0,-0.419186290755273,-0.431680227576542,-0.707842700283363,0.828836615192299,0.832810715241391,0,0,0.970056744594138,0.330905122758271,-0.957334310713938,-0.840711515902414,0,0,0,0.765794467211003,0,0.968566715530567,0.978130489108765,0.696345403959511,0,0.978368474763066,0.757904698821464,1,0,0.874730494348171,0,0.940416255951079,0,0,0.966586377707365,0,0,0.811692231094874,0,0.731856619217143,0,0.92366212516218,0.937517246964806,0.952839584310462,0.932377908180418,0.847794367348307,0,0.807253189619795,0,0.646312338798065,0.540800676856197,0.666482615053063,0,0,0.780976502005744,0.844890627533196,0.983752364693007,-0.684265202415143,0,0,0,0.856787698953712,0,0.881009606141365,0,0,0,0.953114416594049,0.916557814500285,0.954756305288904,0.971398716759276,0.972571444563603,0.622977006545812,0.910903329703907,0.945489483557759,0.989023429821252,0,0.965316437204794,0,0,0,0.383611260792256,-0.55498854551947,0,0.965737853797551,0,0,0.776950958067339,0,-0.845740681045694,-0.76434897050594,0,0,0,-0.418970248272968,0,0
Dromogomphus.spinosus,-0.824460316432992,0,-0.813599506105227,-0.679615760874758,0,0,0,0,0,0,0,0.729791244642411,0,0,0.758479174482814,0.83941617116073,0.606083054370905,0,0,0,0,0,0.841699291738205,0,0,0,1,0,-0.780143792974506,0,0,0,0,0,-0.750166405165816,0,0,0,0,0,0,0,0,0,0.831792914131703,0,0.827096662649146,0,0,0,0.794468077858333,0.836041116043968,0,0,0,0.671439444263659,-0.7489516561959,-0.825922835787586,0,0,-0.784524445203341,0,-0.835568460094654,0,-0.809485114019491,0,0,0,0,0,-0.703192682517521,0,0,0,0.828622646851036,0,0.823674339774036,0.821516462933775,0.822156403606479,-0.817088515917783,0,0,0,0,0,0,0.829060297853132,0,0,0,-0.804974378362872,-0.816545524807484,0,-0.808466776967231,-0.758406606367083
Enallagma.annexum,0,0,0,0,0,0,0,0.840854374625158,0,0,0.848730461144073,0,-0.887213623146866,-0.84091325920814,0,0,0,0.789776244694533,0,0.832161818154399,0.85599498395699,0,0,0.862893187860521,0,0.874730494348171,0,1,0,0.80334979367324,0,0,0.89528266885045,0,0,0.764741265238292,0,0,0,0.760088785622856,0.779631494273195,0.883720306596326,0.781932237372322,0.850270867486602,0,0,0,0,0,0,0,0,0.810197772505118,0.84851637961279,0.852790477845776,-0.745103257152091,0,0,0,0.847895212137472,0,0.856040230224906,0,0,0,0.893117694363567,0.863919572699941,0.804826729189925,0.896391876666179,0.834962272047567,0.69905407372212,0.878820234203368,0.893798650985013,0.874364208381625,0,0.898651239881195,0,0,0,0,0,0,0.865069122634479,0,0,0.771549847671853,0,-0.831545225500817,-0.783254282962817,0,0,0,0,0,0
Enallagma.aspersum,0.866614959774661,0,0.897881994918447,0.644111462158732,0.625242789149,0,0,0.692349142705175,0,0,0,-0.702014517697259,0,-0.644952763736379,-0.708896064647122,-0.873494424567218,-0.500737824840166,0.708832975401263,0,0,0,0,-0.912291601954799,0,0,0,-0.780143792974506,0,1,0,0,0,0,0,0.863356932719395,0.50615992419302,0,0,0,0,0,0,0,0.678678733921699,-0.868421572476228,0,-0.858026624797445,0,0,0,-0.830321935292062,-0.88728413005262,0.754514201413506,0.696630386760343,0,-0.806017580648101,0.730412876856097,0.86328761472587,0,0.636233867178364,0.781940939198065,0.617412817987377,0.871141220112233,0,0.857901368974972,0,0,0,0,0,0.824835875814749,0.59881455030911,0.536236280441014,0,-0.8765220899508,0,-0.890203563090662,-0.890548500754689,-0.90115041014042,0.907695609676453,0,0.761416294148013,0,0,0,0,-0.87011788560674,0,-0.680723367521356,0,0.824021818468622,0.84391300017218,0.645733761320284,0.826467026324044,0.848164612523953
Enallagma.boreale,0,-0.77388575443699,0,-0.545633439207208,-0.555851597679298,-0.787481942393326,0.859257190146837,0.719118879156538,0,0,0.938862574808147,0.46469382517451,-0.883677363748983,-0.732443098550597,0,0,0,0.640620131773583,0,0.95123047647075,0.944330851737504,0.777566907937957,0,0.939095953615543,0.819582876492625,0.940416255951079,0,0.80334979367324,0,1,0,0,0.891770830076539,0,0,0.70581995691332,0,0.796743239277921,0,0.937105660929515,0.940441753227453,0.875018028588089,0.935413122649954,0.730361187508428,0,0.865466829623508,0,0.732939027153881,0.644298444302176,0.754682486547853,0,0,0.649245135445794,0.723202976303771,0.956559616317429,0,-0.434429808236996,0,0,0.747513398873408,0,0.772921986319485,0,0,0,0.866068278770391,0.830399280768171,0.949812777933829,0.897545690614847,0.952244421521432,0,0.805084314982862,0.856774009286466,0.94702924987009,0,0.887245030639095,0,0,0,0,-0.658553578806106,0,0.904004763503723,0,0,0.678160588326858,0,-0.744215356977598,0,0,0,0,-0.545614231315808,0,0
Enallagma.carunculatum,0,0,0,0,0,0,0,0,0,0,0,0,0,0,0,0,0,0,0,0,0,0,0,0,0,0,0,0,0,0,1,0,0,0,0,0,0,0,0,0,-0.746864684936944,0,0,0,0,0,0,0,0,0,0,0,0,0,0,0,0,0,0,0,0,0,0,0,0,0,0,0,0,0,0,0,0,0,0,0,0,0,0,0,0,0,0,0,0,0,0,0,0,0,0,0,0,0,0
Enallagma.civile,0.847329641476481,0.715918300000095,0.734879132442543,0.842072453145393,0.829734390819327,0.69788444366519,0,0,0,0,0,-0.85910195935994,0,0,-0.757214086468346,-0.842311037842676,-0.610322036402921,0,0,0,0,-0.705623254917657,-0.774740550018163,0,0,0,0,0,0,0,0,1,0,0,0,0,0,0,0,0,0,0,0,0,-0.848041109765795,0,-0.854636711523544,-0.722464781111173,-0.753705048660736,-0.738255691791058,-0.776707944532773,-0.837484122518686,0,0,0,0,0.865948213684675,0.85423496302855,0,0,0.863127087633559,0,0.854215381473537,0,0.810945578110199,0,0,0,0,0,0,0,0,0,-0.803314336363364,0,-0.778292955921115,-0.73658817833716,-0.725318795632672,0.707515333845257,0.759328861615516,0,0,0,0,0,-0.798186431669912,0,0,0.760615324090292,0.866042545033712,0.855056859479369,0.842858440883758,0.872841964927668,0
Enallagma.ebrium,0,-0.548284153384493,0.474451967958968,0,0,-0.57013502088411,0.747652928039693,0.912085431863728,0,0,0.940796649825797,0,-0.975988851143093,-0.911776830735125,0,0,0,0.857357275728817,0,0.922841151530971,0.948147206514399,0.555892596404313,-0.4384236685507,0.953990144119609,0.633535710627951,0.966586377707365,0,0.89528266885045,0,0.891770830076539,0,0,1,0,0.620636310925362,0.855910155112059,0.745367742606374,0.608231731193437,0,0.84774852602025,0.872185795535186,0.969843869162358,0.868811059049036,0.925442636076261,0,0.687395713447163,0,0.503163455815871,0,0.519039498964186,0,0,0.878958801515198,0.926661158425933,0.945480936910643,-0.801289147200145,0,0,0,0.921425723623292,0,0.943484843952921,0,0,0,0.982905150803387,0.950921224104322,0.893140604022771,0.988075507485689,0.929442380411241,0.748643245085987,0.965461872008483,0.982501879997313,0.967991926116091,0,0.987633930929406,0,-0.463280095767307,-0.508820693478108,0.547721355131726,0,0,0.961038217060794,0,0,0.835557941428075,0,-0.897976801044569,-0.849062086406491,0,0,0,0,0,0
Enallagma.exsulans,0,0,0,0,0,0,0,0,0,0.882736068336029,0,0,0,0,0.829064745242698,0.632641739710887,0.859542889586022,0,0,0,0,0,0.594769203466273,0,0,0,0,0,0,0,0,0,0,1,0,0,0,0,0,0,0,0,0,0,0.602584250952347,0,0.602383229949612,0,0,0,0.610419866039111,0.60169672558617,0,0,0,0,0,0,0,0,0,0,0,0,0,0,0,0,0,0,0,0,0,0,0.631110151877334,0,0,0,0,0,0,0,0,0,0,0,0.623028584487353,0,0,0,0,0,0,0,0
Enallagma.geminatum,0.812732072107903,0,0.901987155669702,0,0,0,0,0.807445542642859,0,0,0,-0.587843277452833,-0.611071428651879,-0.773250267197037,-0.635539331999295,-0.824662089854388,-0.422070630708033,0.82316641595122,0,0,0,0,-0.907206984755668,0,0,0,-0.750166405165816,0,0.863356932719395,0,0,0,0.620636310925362,0,1,0.632680508474424,0.775268491397416,0,0,0,0,0.608381114891685,0,0.804675977269972,-0.814092190981398,0,-0.79953914245292,0,0,0,-0.788056899325662,-0.84269208258742,0.85874552909544,0.816956286138561,0,-0.893135071474686,0.617589986453164,0.802776959588419,0,0.76446894375292,0.687985665833981,0.756319076174738,0.815765908938655,0,0.814142392135423,0.667664930405068,0.67503821709168,0,0.614458817357375,0,0.905621202479367,0.742355716736442,0.686613929378575,0,-0.836571808466051,0.633018855024789,-0.873778788522267,-0.894990122830856,-0.913931128342536,0.929528885324301,0,0.744917108471491,0.518850621083859,0,0,0.694011142294034,-0.839963748714964,-0.71107536735817,-0.790446742509596,0,0.747285793299927,0.779212878374818,0,0.745932840524674,0.874014590181386
Enallagma.hageni,0.347739386817033,-0.367070134730418,0.524774839952885,0,0,-0.399633427952486,0.589585294016939,0.785270663666852,0,0,0.781605067799625,0,-0.843291243944679,-0.77415135536334,0,-0.301236012565432,0,0.800171684627607,0,0.767858318434138,0.780487061086332,0.368651715533511,-0.493445362648649,0.803067263305571,0.459601405739992,0.811692231094874,0,0.764741265238292,0.50615992419302,0.70581995691332,0,0,0.855910155112059,0,0.632680508474424,1,0.691897220508753,0,0,0.659612770965035,0.692863241032984,0.848798860298267,0.687631266559635,0.854681374580567,-0.305777100959001,0.502066500096377,0,0,0,0.341261278460155,0,-0.358964580331059,0.835657412671301,0.879411603918991,0.778569197726485,-0.772801835264415,0,0.311954256801724,0,0.823310161365826,0,0.858515304865817,0.313132737826615,0,0,0.865057030502206,0.825150651612868,0.723116580899441,0.85515699750449,0.768068461614021,0.732807341947238,0.886409209727499,0.867733886387634,0.811147913175675,0,0.866716931160039,-0.446687520438091,-0.505272587949826,-0.553937339678598,0.577385814394556,0,0,0.882726765396693,0,0,0.784470739835728,0,-0.799526044499218,-0.791169838367811,0,0,0,0,0,0.544511372331533
Enallagma.signatum,0,0,0.692230340170823,0,0,0,0,0.823317360068599,0,0,0,0,-0.735404219364832,-0.804536978340285,0,0,0,0.812919709900382,0,0,0,0,-0.680441467425322,0,0,0,0,0,0,0,0,0,0.745367742606374,0,0.775268491397416,0.691897220508753,1,0,0,0,0,0.731378774235876,0,0.824719970499519,0,0,0,0,0,0,0,0,0.832426737752154,0.829310088928282,0,-0.826829149622105,0,0,0,0.808640637600725,0,0.80785845702115,0,0,0,0.767300166218904,0.755555141048049,0,0.740957327595585,0,0.807110224931653,0.804171393629043,0.778584838725454,0,0,0.750326123610848,0,-0.691635922979454,-0.722491350584607,0.737787747295533,0,0,0,0,0,0,0,-0.766017269448763,-0.791271753396792,0,0,0,0,0,0.714068987613853
Enallagma.vernale,-0.555278375291073,-0.910713772538846,0,-0.828533695246294,-0.828200155942029,-0.915516300544295,0.830432879054211,0,0,0,0.758816765438934,0.781578428332435,-0.605867330693401,0,0.556517013350205,0,0.528909126499661,0,0,0.807065262772643,0.762320336239834,0.911899152742796,0,0.741079416201862,0.904373166507655,0.731856619217143,0,0,0,0.796743239277921,0,0,0.608231731193437,0,0,0,0,1,0,0.873408367125718,0.853891332341012,0.596227742939763,0.845714750675526,0,0.551839604139885,0.923618609210431,0.572277893586254,0.889087556521065,0.849892525843614,0.910044533444297,0,0,0,0,0.792348414229539,0,-0.764528060505765,-0.575689606707776,0,0,-0.694142901871355,0,-0.562282041539312,0,0,0.557042204159853,0,0.841147634283765,0.61742178602325,0.803890106974032,0,0,0.538229580380554,0.741279220623162,0,0.596012961985686,0,0,0,0,-0.864113117827629,0,0.670585125232188,0,0,0,0,0,0,-0.774521373250098,-0.65103150666716,-0.600732623046499,-0.828073241525805,-0.657707446670893,0
Enallagma.vesperum,0,0,0,0,0,0,0,0,0,0,0,0,0,0,0,0,0,0,0,0,0,0,0,0,0,0,0,0,0,0,0,0,0,0,0,0,0,0,1,0,0,0,0,0,0,0,0,0,0,0,0,0,0,0,0,0,0,0,0,0,0,0,0,0,0,0,0,0,0,0,0,0,0,0,0,0,0,0,0,0,0,0,0,0,0,0,0,0,0,0,0,0,0,0,0
Epitheca.canis,0,-0.863803588495584,0,-0.673091071377072,-0.67904214399141,-0.874341586602648,0.905619095403795,0.627997836709739,0,0,0.933471419227079,0.600727283966935,-0.841344795386007,-0.651306703970937,0.365724363654624,0,0.415880243570034,0,0,0.958407033152659,0.936731914501659,0.867697346387684,0,0.927316416273988,0.895702506284485,0.92366212516218,0,0.760088785622856,0,0.937105660929515,0,0,0.84774852602025,0,0,0.659612770965035,0,0.873408367125718,0,1,0.965374074221577,0.834681546493254,0.956192928951514,0.643672968759268,0,0.935151608508069,0,0.824970289095378,0.750255772990927,0.852003251758912,0,0,0.54787014162825,0.634401169312258,0.955278877250022,0,-0.572115158165093,0,0,0.665758192744161,-0.476925544787327,0.69820520231053,0,0,0,0.811094861232781,0.768277004169561,0.968356283495555,0.854236878282658,0.956205295986206,0,0.738104847788368,0.797259715131021,0.931299051502762,0,0.841253502264382,0,0,0,0,-0.764774192925233,0,0.883952252740727,0,0,0,0,-0.675676972165921,0,-0.640296778988211,-0.407393288651973,0,-0.671551339559646,-0.41710523769664,0
Epitheca.cynosura,0,-0.841066001021371,0,-0.633801943304759,-0.642247874470479,-0.853526304894289,0.893942423093353,0.663532610738913,0,0,0.943741872919704,0.558243344791149,-0.86516173725004,-0.683153727444653,0.335707762644873,0,0.403669896860266,0.588971148605548,0,0.964785191838147,0.945471992697119,0.844158316978797,0,0.940351534069038,0.879899373643294,0.937517246964806,0,0.779631494273195,0,0.940441753227453,-0.746864684936944,0,0.872185795535186,0,0,0.692863241032984,0,0.853891332341012,0,0.965374074221577,1,0.860883796719092,0.958878223268152,0.682932101626664,0,0.918070765439616,0,0.804688573399363,0.721881359457948,0.825574063059953,0,0,0.590685306782447,0.674710846448942,0.964948859753039,0,-0.528667600026608,0,0,0.700976223698892,-0.429716320145418,0.733076010730054,0,0,0,0.838180896949297,0.794963153431445,0.969225669709555,0.878197842853129,0.963417593924438,0,0.772879838952296,0.826697903707272,0.946115249931596,0,0.866009664804971,0,0,0,0,-0.732133245411768,0,0.904755478073595,0,0,0,0,-0.709950198173033,0,0,-0.358124270456102,0,-0.633036870696996,-0.368362930511415,0
Epitheca.princeps,0,-0.542000024782358,0,0,0,-0.563530726567538,0.735380406008761,0.895146250947964,0,0,0.92765977876539,0,-0.962250609369159,-0.892367079192258,0,0,0,0.841965320137697,0,0.909513025496199,0.933439312018978,0.550254013608642,-0.429441913413199,0.938720538041801,0.62808225620566,0.952839584310462,0,0.883720306596326,0,0.875018028588089,0,0,0.969843869162358,0,0.608381114891685,0.848798860298267,0.731378774235876,0.596227742939763,0,0.834681546493254,0.860883796719092,1,0.854557409793858,0.911762956034659,0,0.67937946045558,0,0,0,0.514640987149286,0,0,0.864701718664288,0.911265672237293,0.930420045543329,-0.790895405213693,0,0,0,0.90774221538362,0,0.924166081924555,0,0,0,0.9672509355796,0.935094869506816,0.880951424499933,0.972285329911986,0.913941015329184,0.737762654497286,0.951040664257731,0.967571229081533,0.953004213134292,0,0.972503982897132,0,0,-0.499225972175696,0.53676910267229,0,0,0.949723596304441,0,0,0.829235635257347,0,-0.887002864041205,-0.834898939037877,0,0,0,0,0,0
Epitheca.spinigera,0,-0.827259008925932,0,-0.619722205708609,-0.628787596395953,-0.839567870554986,0.879531589631117,0.666817533230513,0,0,0.936914974792503,0.54400066375138,-0.860633110134594,-0.685661087718805,0,0,0.379681107672069,0.588262782937431,0,0.95601537765218,0.941342048688325,0.830057623590723,0,0.932932131331556,0.863423966273234,0.932377908180418,0,0.781932237372322,0,0.935413122649954,0,0,0.868811059049036,0,0,0.687631266559635,0,0.845714750675526,0,0.956192928951514,0.958878223268152,0.854557409793858,1,0.681845398760708,0,0.905274566117748,0,0.793270573982183,0.708521157967399,0.812397353458597,0,0,0.592072936103195,0.673499157885964,0.956494306402657,0,-0.514757797776587,0,0,0.700519777917306,0,0.731952578609003,0,0,0,0.835098279769862,0.795110674812051,0.962272265775002,0.873011292362823,0.956438170554939,0,0.771028096973108,0.82503697236423,0.939727414174365,0,0.861101446509685,0,0,0,0,-0.718128314849747,0,0.897473956387016,0,0,0,0,-0.704254697278354,0,0,0,0,-0.619382782243775,0,0
Erythemis.simplicicollis,0.493815283574072,0,0.704059285184048,0,0,0,0,0.955450741623469,0,0,0.803255673230324,0,-0.915758264479235,-0.936473187855923,0,-0.506023609547756,0,0.923742879328474,0,0.763938264090175,0.811376658500844,0,-0.684021843127034,0.826911118381115,0,0.847794367348307,0,0.850270867486602,0.678678733921699,0.730361187508428,0,0,0.925442636076261,0,0.804675977269972,0.854681374580567,0.824719970499519,0,0,0.643672968759268,0.682932101626664,0.911762956034659,0.681845398760708,1,-0.490675601299716,0.430007150289031,-0.467512374651533,0,0,0,0,-0.543509334556091,0.959144838851827,0.973937242407091,0.796991323097497,-0.92018389093201,0,0.472088601776505,0,0.94473714258286,0,0.953118973633786,0.488697021179999,0,0.515988133378915,0.943188547339296,0.924386292450551,0.713727438307887,0.924586190713759,0.773470332818942,0.887963956821675,0.966971516217841,0.9536402604148,0.846297222047154,-0.561329894516507,0.932957629217333,-0.632908890090824,-0.694067308794933,-0.735414905909334,0.766763156947617,0,0,0.870647641338589,0,0,0.858039229937552,-0.561453939327044,-0.906754630345637,-0.910268438987839,0,0.381839737414637,0.435329273939067,0,0.372992339725329,0.735886485586839
Gomphus.adelphus,-0.971991044999631,-0.658638761436133,-0.907449345531994,-0.863123360197368,-0.846764182958128,-0.636699048587695,0,-0.510919923708325,0,0.530911158432577,0,0.902631604320382,0,0.458650145421389,0.844278057688852,0.977025926984989,0.650217902690216,-0.548588989348883,-0.825269142913986,0,0,0.647663150633718,0.945815524509054,0,0.558732640896186,0,0.831792914131703,0,-0.868421572476228,0,0,-0.848041109765795,0,0.602584250952347,-0.814092190981398,-0.305777100959001,0,0.551839604139885,0,0,0,0,0,-0.490675601299716,1,0.529060620225103,0.976446298233925,0.676873390195172,0.738671590003284,0.688313523676037,0.909028552615313,0.97477227274356,-0.597996187980694,-0.515132839399858,0,0.68553776013757,-0.919583845385964,-0.976362079668429,0,0,-0.94360796188168,-0.412191311734596,-0.979742036101641,0,-0.94344380967831,0,0,0,0,0,-0.727285648882997,-0.381965780022693,-0.301819486031816,0,0.949546933894119,0,0.933572334263689,0.912355291992731,0.907821456108605,-0.895973930317655,-0.737250153070277,-0.797368678192992,0,0,0,0,0.945521978733242,0,0,-0.761041896617694,-0.966303605313749,-0.967366265887048,-0.862955540325186,-0.970098471777642,-0.818867296181495
Gomphus.borealis,-0.527617662291057,-0.950398064119778,0,-0.840508131837202,-0.840915152350912,-0.953796246518124,0.890287092803047,0.405101200089224,0,0,0.835141569077529,0.786729697001512,-0.683413624296847,0,0.57461572115944,0.512158731026469,0.569864676611668,0,0,0.879397987467648,0.833731854030965,0.951956438880041,0,0.819159041655204,0.948209792663085,0.807253189619795,0,0,0,0.865466829623508,0,0,0.687395713447163,0,0,0.502066500096377,0,0.923618609210431,0,0.935151608508069,0.918070765439616,0.67937946045558,0.905274566117748,0.430007150289031,0.529060620225103,1,0.553453712368416,0.923834348261089,0.876652274564128,0.948298670634394,0,0.477007569199442,0,0.414904225660787,0.864883164190059,0,-0.766790733560883,-0.551861839439155,0,0,-0.688254370078603,0.500711099364945,-0.538582964566545,0,0,0.638031716495114,0.591459733482316,0.91220813703375,0.695917065742081,0.87416858982604,0,0.543427378614809,0.617214078438944,0.817579711839335,0,0.677698139547907,0,0,0,0,-0.885193894712125,0,0.756714819489946,0,0,0,0,0,0,-0.78432954720011,-0.632525574521711,-0.579931554348499,-0.839028346113315,-0.643106819555732,0
Gomphus.descriptus,-0.97185671181131,-0.680181766388609,-0.898250438732357,-0.875243019155506,-0.859372125781487,-0.657828654390981,0,-0.487396525633245,0,0.530921260125982,0,0.912738723072428,0,0.433749853500169,0.84813411517907,0.975736734114621,0.658246184590679,-0.524126414994979,-0.829371945592516,0,0,0.668089443430548,0.939080987296409,0,0.581009449756905,0,0.827096662649146,0,-0.858026624797445,0,0,-0.854636711523544,0,0.602383229949612,-0.79953914245292,0,0,0.572277893586254,0,0,0,0,0,-0.467512374651533,0.976446298233925,0.553453712368416,1,0.69862597015634,0.752880632475911,0.709795848375607,0.90619874052997,0.971910887385769,-0.575345646354977,-0.490405873911536,0,0.66408899615503,-0.930240904289681,-0.977480337856185,0,0,-0.949301660508202,0,-0.979945299593891,0,-0.940488168920748,0,0,0,0,0,-0.710353955917966,-0.355085768972248,0,0,0.94729487109446,0,0.931261870852117,0.900821340967067,0.899318982226341,-0.887371141761624,-0.753484812244934,-0.800198720270623,0,0,0,0,0.939360366396233,0,0,-0.774364406247832,-0.969995341269254,-0.968039205305493,-0.874172150872862,-0.974198769226828,-0.807083201934446
Gomphus.exilis,-0.671769585840589,-0.938711668344294,0,-0.899572553390867,-0.898751794990226,-0.936814759045188,0.807108721844865,0,0,0,0.684731399218385,0.869635368133513,-0.501365830933434,0,0.705524867395774,0.667791895695807,0.659712513923753,0,0,0.745605580454765,0.67879349822944,0.931604246958585,0.492125289285784,0.664717525405213,0.914172303636315,0.646312338798065,0,0,0,0.732939027153881,0,-0.722464781111173,0.503163455815871,0,0,0,0,0.889087556521065,0,0.824970289095378,0.804688573399363,0,0.793270573982183,0,0.676873390195172,0.923834348261089,0.69862597015634,1,0.89804175770463,0.946178877001543,0,0.634203663986658,0,0,0.719839454801687,0,-0.859605468533346,-0.695699453490055,0,0,-0.799113446470003,0,-0.684315520534278,0,-0.620901990271961,0,0,0.787377974121999,0.512125084554411,0.735260294628792,0,0,0,0.657355043969276,0.600087173929511,0.490148545838003,0,0,0,0,-0.90787224143665,0,0.596464587458191,0,0,0,0.586309023386583,0,0,-0.826109520061781,-0.756938913134285,-0.718043160540255,-0.899707193581734,-0.766909648985006,0
Gomphus.quadricolor,-0.733469940557831,-0.91153594024385,0,-0.911888683447866,-0.908858547561196,-0.904979259529712,0.745346157110879,0,0,0,0.586472228732802,0.889130737589319,0,0,0.734952916223248,0.727277971854485,0.658144223973065,0,0,0.65131414544503,0.581881808830511,0.906934399865655,0.573945378275669,0.562722287499219,0.872957683938493,0.540800676856197,0,0,0,0.644298444302176,0,-0.753705048660736,0,0,0,0,0,0.849892525843614,0,0.750255772990927,0.721881359457948,0,0.708521157967399,0,0.738671590003284,0.876652274564128,0.752880632475911,0.89804175770463,1,0.917713544292644,0,0.701613111721922,0,0,0.619671149630754,0,-0.884988197854447,-0.75382277357391,0,0,-0.836482801346332,0,-0.74534720699542,0,-0.68709597540926,0,0,0.701232715345039,0,0.639492111684173,0,0,0,0.552778971989084,0.665192250606518,0,0,0,0,0,-0.896254927214838,0,0,0,0,0,0.651372162008345,0,0,-0.842088805176731,-0.806568127961683,-0.77060185377058,-0.912601790693112,-0.815729750715096,0
Gomphus.spicatus,-0.687094408983098,-0.962333661681799,0,-0.921452598398745,-0.919232430319443,-0.959215814770475,0.825580151603275,0,0,0,0.705859942798154,0.88610759173854,-0.51723135064649,0,0.69708926352599,0.676236341219715,0.645723492200871,0,0,0.764542942796027,0.70069392887922,0.956109259000872,0.499265243691174,0.684228209158724,0.934698445760407,0.666482615053063,0,0,0,0.754682486547853,0,-0.738255691791058,0.519039498964186,0,0,0.341261278460155,0,0.910044533444297,0,0.852003251758912,0.825574063059953,0.514640987149286,0.812397353458597,0,0.688313523676037,0.948298670634394,0.709795848375607,0.946178877001543,0.917713544292644,1,0,0.645893774090896,0,0,0.741158884773337,0,-0.876257960891225,-0.708904129496005,0,0,-0.814811642646009,0,-0.697735581355048,0,-0.635142650381647,0.462034952267698,0,0.809065929010075,0.528560948563866,0.754840736456197,0,0,0.436734455296594,0.676949362074244,0.603351289903381,0.506086981936094,0,0,0,0,-0.928409584671537,0,0.609335722323649,0,0,0,0.595134990383563,0,0,-0.847768352006765,-0.775134435645093,-0.732420605377717,-0.920538340777881,-0.783382770868205,0
Hagenius.brevistylus,-0.901561646092034,0,-0.862071381080792,-0.775972397816885,-0.761243611387717,0,0,-0.531493644697649,0,0.536573668006689,0,0.82027709869362,0,0,0.798220449499425,0.912440175286031,0.624797075246035,0,-0.774104445912156,0,0,0,0.899460440839393,0,0,0,0.794468077858333,0,-0.830321935292062,0,0,-0.776707944532773,0,0.610419866039111,-0.788056899325662,0,0,0,0,0,0,0,0,0,0.909028552615313,0,0.90619874052997,0,0,0,1,0.911490508114146,-0.60514826577962,-0.526424843656807,0,0.681999475273288,-0.840419897800445,-0.902662523894962,0,0,-0.864952970797099,0,-0.908409898058854,0,-0.884551034605243,0,0,0,0,0,-0.722319017790451,0,0,0,0.900599131815052,0,0.887025759570495,0.865654189468283,0.872221394842303,-0.863796951960819,0,-0.754130967123929,0,0,0,0,0.894728092041245,0,0,0,-0.889669025757858,-0.895177872647654,-0.772461697759711,-0.894213312589639,-0.798902298229213
Helocordulia.uhleri,-0.972071975950278,-0.613806375180047,-0.926698988587632,-0.833096887084715,-0.81738887607492,-0.591391971191154,0,-0.562214187108124,0,0.528158235915948,0,0.878812765489473,0,0.508387558650027,0.831547373718985,0.974528684893797,0.630586192837491,-0.596373456027868,-0.815092506900012,0,0,0.602475245173843,0.961078589346563,0,0.509092616698927,0,0.836041116043968,0,-0.88728413005262,0,0,-0.837484122518686,0,0.60169672558617,-0.84269208258742,-0.358964580331059,0,0,0,0,0,0,0,-0.543509334556091,0.97477227274356,0.477007569199442,0.971910887385769,0.634203663986658,0.701613111721922,0.645893774090896,0.911490508114146,1,-0.646470876013797,-0.567041593328409,0,0.728271129182608,-0.899001815772492,-0.974125179786322,0,-0.490549875379947,-0.927529672829624,-0.466531711359757,-0.978191587734458,0,-0.946184347468306,-0.331819927197844,0,0,0,0,-0.767019425090472,-0.438756727610008,-0.360229925145967,0,0.953733338165444,-0.285334535581014,0.945135841433814,0.927188829825528,0.925983506459532,-0.920346305923311,-0.70275933349003,-0.807343059110666,0,0,0,0,0.948374694364342,0,0.569148450788282,-0.737675110335817,-0.958532733939125,-0.964030562170203,-0.833589279881605,-0.960995910533761,-0.842467333838519
Ischnura.posita,0.602261254855568,0,0.783323752356196,0,0,0,0,0.95320798786755,0,0,0.730623337272109,0,-0.871911510649995,-0.927263527561455,-0.394751034577588,-0.611791172872126,0,0.930644711720826,0,0.683126212623048,0.740240114119603,0,-0.770416755709354,0.757807140240809,0,0.780976502005744,0,0.810197772505118,0.754514201413506,0.649245135445794,0,0,0.878958801515198,0,0.85874552909544,0.835657412671301,0.832426737752154,0,0,0.54787014162825,0.590685306782447,0.864701718664288,0.592072936103195,0.959144838851827,-0.597996187980694,0,-0.575345646354977,0,0,0,-0.60514826577962,-0.646470876013797,1,0.972896875204284,0.718459628210524,-0.946092106946888,0,0.580945425573767,0,0.930740715523087,0.415754574358049,0.936101020465077,0.59641060927207,0,0.615337285442256,0.906216684479816,0.892892830444038,0.624957055471798,0.878222342108613,0.693755860279515,0.925691182938054,0.94368556503595,0.91833615168804,0.778341834091879,-0.656848266870063,0.890038501068066,-0.720240694129045,-0.774277691990755,-0.809470474445424,0.836884628112153,0,0,0.811074230011133,0,0,0.842085293884022,-0.657654353297844,-0.890534988997041,-0.912136270037659,0,0.496890196177597,0.545975866214271,0,0.489966201421398,0.795622943262769
Ischnura.verticalis,0.521678213961793,0,0.726052550985369,0,0,0,0,0.960181740967631,0,0,0.799438787779768,0,-0.9160832443436,-0.938790580819691,-0.297505429565002,-0.52743341285238,0,0.931967767791135,0,0.760808913363106,0.80881797636924,0,-0.705042318122276,0.825332622111605,0,0.844890627533196,0,0.84851637961279,0.696630386760343,0.723202976303771,0,0,0.926661158425933,0,0.816956286138561,0.879411603918991,0.829310088928282,0,0,0.634401169312258,0.674710846448942,0.911265672237293,0.673499157885964,0.973937242407091,-0.515132839399858,0.414904225660787,-0.490405873911536,0,0,0,-0.526424843656807,-0.567041593328409,0.972896875204284,1,0.792113127692994,-0.931672324611597,0,0.498030179396773,0,0.949325095893623,0,0.959719615532211,0.513342108695623,0,0.539686043366925,0.946094097903275,0.9248960064501,0.707384090950371,0.925927083929267,0.768453172735068,0.900898717162652,0.972612428362641,0.956958878914452,0.843868281540788,-0.579636316304919,0.934928960540512,-0.652106758155581,-0.712711122289501,-0.753955148960444,0.782943102440263,0,0,0.87409264245064,0,0,0.864557819072246,-0.581134795232889,-0.909904300475455,-0.917800760673544,0,0.408502447493024,0.459570983599421,0,0.398336368578209,0.74850327800484
Ladona.julia,0,-0.760880072452468,0,-0.511333651760455,-0.522007719315592,-0.776597037384762,0.868887314761712,0.780312917441702,0,0,0.975826431330479,0.426315841416563,-0.937206600075675,-0.792517810450727,0,0,0.303984363420318,0.708289178384627,0,0.983925082974579,0.981055783143189,0.765425951460744,0,0.97966663775752,0.818584579162147,0.983752364693007,0,0.852790477845776,0,0.956559616317429,0,0,0.945480936910643,0,0,0.778569197726485,0,0.792348414229539,0,0.955278877250022,0.964948859753039,0.930420045543329,0.956494306402657,0.796991323097497,0,0.864883164190059,0,0.719839454801687,0.619671149630754,0.741158884773337,0,0,0.718459628210524,0.792113127692994,1,-0.613146619310296,-0.392666693443203,0,0,0.808459914592746,0,0.837267889845562,0,0,0,0.922949560719871,0.883021018003509,0.977438908460095,0.950858578846865,0.98497113552034,0.54493854799373,0.870959313822628,0.914372710190263,0.988469084953919,0,0.942206038510427,0,0,0,0,-0.634914021193669,0,0.956870046677124,0,0,0.734979130897742,0,-0.805747110240902,-0.708710706648317,0,0,0,-0.510379039861996,-0.217132119390803,0
Lanthus.parvulus,-0.686408230346957,0,-0.838346019649776,0,0,0,0,-0.918641321797835,0,0,-0.630164439051218,0,0.793173843212182,0.889827468690013,0.4933052088754,0.698433026148513,0,-0.907637747968365,0,-0.572677133750502,-0.640440286083246,0,0.836381320131705,-0.656630531658334,0,-0.684265202415143,0.671439444263659,-0.745103257152091,-0.806017580648101,0,0,0,-0.801289147200145,0,-0.893135071474686,-0.772801835264415,-0.826829149622105,0,0,0,0,-0.790895405213693,0,-0.92018389093201,0.68553776013757,0,0.66408899615503,0,0,0,0.681999475273288,0.728271129182608,-0.946092106946888,-0.931672324611597,-0.613146619310296,1,0,-0.669204027125193,0,-0.89135902065359,-0.520345815950977,-0.888066862329791,-0.682801694419267,0,-0.695255435620552,-0.837140969229883,-0.831468959560958,-0.510410289629239,-0.798977426770922,-0.583614709558377,-0.930995151772318,-0.887981928039021,-0.852234852199118,-0.680403857250858,0.733472718104675,-0.812959116844957,0.785905587416186,0.832450430573407,0.865585548758423,-0.884352998131408,0,0,-0.717615462258012,0,0,-0.800396614448019,0.735022389874628,0.843298639210742,0.890119081551252,0,-0.591960655864214,-0.638496356536706,0,-0.58725988192952,-0.839668554851596
Lestes.congener,0.91762401045897,0.85663886611008,0.760217860407152,0.962525252111308,0.951450099977088,0.841937252347199,-0.595227283088958,0,0,-0.520679542654041,0,-0.971376949195352,0,0,-0.853991593598503,-0.9155778615047,-0.712735109710574,0,0.818229116233147,-0.431894344993804,-0.345456179316294,-0.845428606964544,-0.813352320895999,0,-0.779725277274991,0,-0.7489516561959,0,0.730412876856097,-0.434429808236996,0,0.865948213684675,0,0,0.617589986453164,0,0,-0.764528060505765,0,-0.572115158165093,-0.528667600026608,0,-0.514757797776587,0,-0.919583845385964,-0.766790733560883,-0.930240904289681,-0.859605468533346,-0.884988197854447,-0.876257960891225,-0.840419897800445,-0.899001815772492,0,0,-0.392666693443203,0,1,0.931765292310345,0,0,0.964182779280625,0,0.928577856373435,0,0.873243870686808,0,0,-0.499109318265125,0,-0.418953084234717,0.486835559578499,0,0,-0.306610046632873,-0.865828775051251,0,-0.819227567935043,-0.768251432947785,-0.749418393546142,0.726362179378161,0.890766141752609,0,0,0,0,0,-0.856755209797811,0,0,0.867673931414416,0.95684024499675,0.937412108012989,0.962882410886035,0.964893475358157,0.649391787410608
Lestes.disjunctus,0.98098958725911,0.679875036438024,0.900241868263073,0.879360652282874,0.859477830172924,0.656926738426958,0,0.484408832522605,0,0,0,-0.913770420365233,0,-0.430463035464689,-0.826280068152915,-0.972666317239708,-0.62484793814484,0.528913268255774,0.822867339037144,0,0,-0.66978869116155,-0.93971848725965,0,-0.580152806884976,0,-0.825922835787586,0,0.86328761472587,0,0,0.85423496302855,0,0,0.802776959588419,0.311954256801724,0,-0.575689606707776,0,0,0,0,0,0.472088601776505,-0.976362079668429,-0.551861839439155,-0.977480337856185,-0.695699453490055,-0.75382277357391,-0.708904129496005,-0.902662523894962,-0.974125179786322,0.580945425573767,0.498030179396773,0,-0.669204027125193,0.931765292310345,1,0,0,0.953429035094867,0,0.983516761219553,0,0.948090272369631,0,0,0,0,0,0.711960270496256,0.362038161150656,0.278332127430013,0,-0.944538298247319,0,-0.929425605869626,-0.902063633958105,-0.901226775993469,0.887225298573098,0.75925312255238,0.795578940635887,0,0,0,0,-0.938054767282567,0,0,0.782037166213853,0.979117762903088,0.977649986229096,0.879815771507468,0.979193161955768,0.803676900325965
Lestes.dryas,0,0,0,0,0,0,0,0,0,0,0,0,0,0,0,0,0,0,0,0,0,0,0,0,0,0,0,0,0,0,0,0,0,0,0,0,0,0,0,0,0,0,0,0,0,0,0,0,0,0,0,0,0,0,0,0,0,0,1,0,0,0,0,0,0,0,0,0,0,0,0,0,0,0,0,0,0,0,0,0,0,0,0,0,0,0,0,0,0,0,0,0,0,0,0
Lestes.eurinus,0,0,0.658321767866572,0,0,0,0,0.940353229167128,0,0,0.813538968837899,0,-0.911582222115829,-0.926218888812976,0,-0.454562805349108,0,0.902276847895595,0,0.777176799313211,0.823137859161126,0,-0.634369614604158,0.834866213569985,0,0.856787698953712,0,0.847895212137472,0.636233867178364,0.747513398873408,0,0,0.921425723623292,0,0.76446894375292,0.823310161365826,0.808640637600725,0,0,0.665758192744161,0.700976223698892,0.90774221538362,0.700519777917306,0.94473714258286,0,0,0,0,0,0,0,-0.490549875379947,0.930740715523087,0.949325095893623,0.808459914592746,-0.89135902065359,0,0,0,1,0,0.937961485702047,0.43258236598763,0,0,0.935977708295939,0.920323994504997,0.731793004098393,0.919733054105305,0.785271339847425,0.859217026228428,0.948195437012697,0.943877191162055,0.85377654401273,-0.511258341471664,0.926282984097627,-0.581798442875895,-0.647000030703429,-0.689137565759446,0.720160029267969,0,0,0.863802004624092,0,0,0.842281524263655,-0.514705766134832,-0.898373036924782,-0.890915265285435,0,0,0,0,0,0.702132508100989
Lestes.forcipatus,0.941356453897485,0.792184179979819,0.815149853614696,0.93577121349356,0.921682357297405,0.773920349175104,0,0,0,0,0,-0.951554755168283,0,0,-0.848336828802063,-0.939823054510152,-0.686159612782526,0,0.824079536580265,0,0,-0.780696576515884,-0.862587362274999,0,-0.703675155801939,0,-0.784524445203341,0,0.781940939198065,0,0,0.863127087633559,0,0,0.687985665833981,0,0,-0.694142901871355,0,-0.476925544787327,-0.429716320145418,0,0,0,-0.94360796188168,-0.688254370078603,-0.949301660508202,-0.799113446470003,-0.836482801346332,-0.814811642646009,-0.864952970797099,-0.927529672829624,0.415754574358049,0,0,-0.520345815950977,0.964182779280625,0.953429035094867,0,0,1,0,0.949785577063161,0,0.903167469382307,0,0,-0.397243137536585,0,0,0.572268278686317,0,0,0,-0.898424353829034,0,-0.861880441783336,-0.820830248378265,-0.806262192464591,0.789595132254966,0.840512666705496,0.748030550720578,0,0,0,0,-0.888944945113733,0,0,0.835530545479643,0.964774513023967,0.951515250042548,0.932064400478412,0.971438384201595,0.709070415729764
Lestes.inaequalis,0.415032543983005,0,0.639023902596109,0,0,0,0,0.939707503078599,0,0,0.840427363320051,0,-0.930733760108674,-0.929510110704981,0,-0.428388996236343,0,0.907648120956055,0,0.807297038963184,0.848431602289518,0,-0.615551147107816,0.861655705368981,0,0.881009606141365,0,0.856040230224906,0.617412817987377,0.772921986319485,0,0,0.943484843952921,0,0.756319076174738,0.858515304865817,0.80785845702115,0,0,0.69820520231053,0.733076010730054,0.924166081924555,0.731952578609003,0.953118973633786,-0.412191311734596,0.500711099364945,0,0,0,0,0,-0.466531711359757,0.936101020465077,0.959719615532211,0.837267889845562,-0.888066862329791,0,0,0,0.937961485702047,0,1,0.408726184802495,0,0,0.952793536247332,0.930115680757115,0.761977212916135,0.941028234479434,0.814839851337875,0.849237723547129,0.9664871474203,0.960456967200313,0.878837054691592,-0.484494998339569,0.945131135635186,-0.563104822708437,-0.630355052110697,-0.672043515884069,0.705950209092802,0,0,0.893303052078354,0,0,0.853128788590957,-0.490040104583648,-0.904594257610564,-0.890080882850218,0,0,0,0,0,0.679438436711781
Lestes.rectangularis,0.979979146931917,0.668741950664039,0.907596190357819,0.871553867988618,0.854910833429134,0.646612629157347,0,0.505416174216975,0,-0.515647358260866,0,-0.910246163278177,0,-0.449855567597859,-0.839055297016511,-0.977790106626144,-0.640433485432059,0.54487553630007,0.824250117826013,0,0,-0.657742084444656,-0.946674808644462,0,-0.566289923375139,0,-0.835568460094654,0,0.871141220112233,0,0,0.854215381473537,0,0,0.815765908938655,0.313132737826615,0,-0.562282041539312,0,0,0,0,0,0.488697021179999,-0.979742036101641,-0.538582964566545,-0.979945299593891,-0.684315520534278,-0.74534720699542,-0.697735581355048,-0.908409898058854,-0.978191587734458,0.59641060927207,0.513342108695623,0,-0.682801694419267,0.928577856373435,0.983516761219553,0,0.43258236598763,0.949785577063161,0.408726184802495,1,0,0.950005740341301,0.266961838834408,0,0,0,0,0.72525968499119,0.378281897968072,0.296605420878445,0,-0.950864752905523,0,-0.936504997337328,-0.912640925162318,-0.90908948693434,0.898076203831999,0.748610400732333,0.801578821426137,0,0,0,0,-0.944189111967151,0,-0.517034155463437,0.772008203165733,0.977019031764017,0.975169516209628,0.872342426429185,0.97926921235005,0.817440834577357
Lestes.unguiculatus,0,0,0,0,0,0,0,0,0,0,0,0,0,0,0,0,0,0,0,0,0,0,0,0,0,0,0,0,0,0,0,0,0,0,0,0,0,0,0,0,0,0,0,0,0,0,0,0,0,0,0,0,0,0,0,0,0,0,0,0,0,0,0,1,0,0,0,0,0,0,0,0,0,0,0,0,0,0,0,0,0,0,0,0,0,0,0,0,0,0,0,0,0,0,0
Lestes.vigilax,0.945953630126474,0.604704418888094,0.894967336732643,0.81602885526975,0.795085890041628,0.581650958374765,0,0.525105916916217,0,0,0,-0.856456538434954,0,0,-0.782333708945624,-0.94256691951937,-0.58037628826628,0,0.794444723886577,0,0,-0.59606049090201,-0.925513412192396,0,0,0,-0.809485114019491,0,0.857901368974972,0,0,0.810945578110199,0,0,0.814142392135423,0,0,0,0,0,0,0,0,0.515988133378915,-0.94344380967831,0,-0.940488168920748,-0.620901990271961,-0.68709597540926,-0.635142650381647,-0.884551034605243,-0.946184347468306,0.615337285442256,0.539686043366925,0,-0.695255435620552,0.873243870686808,0.948090272369631,0,0,0.903167469382307,0,0.950005740341301,0,1,0,0,0,0,0,0.738491143595334,0.414725346549509,0,0,-0.922473316794585,0,-0.911821407805542,-0.892554973836581,-0.894714083438441,0.885904823054883,0.68623095367808,0.782568905148273,0,0,0,0,-0.91747611518664,0,0,0.719455357975768,0.935343637533193,0.936389158010206,0.817879114680776,0.936539627970605,0.806741443192475
Leucorrhinia.frigida,0.274287775393702,-0.491310154041029,0.5310646299565,0,0,-0.514391056124652,0.706606315591063,0.930564975744679,0,0,0.919979132280453,0,-0.971465506940486,-0.926517005547678,0,-0.290464239495435,0,0.878982666993279,0,0.896752487972906,0.928444785873981,0.500221164454693,-0.49699565814115,0.93614110582244,0.583168185367229,0.953114416594049,0,0.893117694363567,0,0.866068278770391,0,0,0.982905150803387,0,0.667664930405068,0.865057030502206,0.767300166218904,0.557042204159853,0,0.811094861232781,0.838180896949297,0.9672509355796,0.835098279769862,0.943188547339296,0,0.638031716495114,0,0,0,0.462034952267698,0,-0.331819927197844,0.906216684479816,0.946094097903275,0.922949560719871,-0.837140969229883,0,0,0,0.935977708295939,0,0.952793536247332,0.266961838834408,0,0,1,0.957813847345342,0.86424110368852,0.984554187896367,0.903939383036419,0.78719008012312,0.975086944838315,0.98638458253845,0.951287612683674,0,0.986832613845156,-0.439808238706709,-0.518620452032343,-0.563990139115017,0.600492220942797,0,0,0.95090397575069,0,0,0.849976107647575,0,-0.909734241618511,-0.871888056385322,0,0,0,0,0,0.586628424863547
Leucorrhinia.glacialis,0,0,0.549567164890688,0,0,0,0.666973200069337,0.920173812018574,0,0,0.884543454471682,0,-0.94028240560292,-0.91079556660614,0,0,0,0.863050607777483,0,0.854467463941248,0.893250767284709,0,-0.516659627493961,0.897516749779478,0,0.916557814500285,0,0.863919572699941,0,0.830399280768171,0,0,0.950921224104322,0,0.67503821709168,0.825150651612868,0.755555141048049,0,0,0.768277004169561,0.794963153431445,0.935094869506816,0.795110674812051,0.924386292450551,0,0.591459733482316,0,0,0,0,0,0,0.892892830444038,0.9248960064501,0.883021018003509,-0.831468959560958,0,0,0,0.920323994504997,0,0.930115680757115,0,0,0,0.957813847345342,1,0.823651595147531,0.952043187965469,0.863645403930712,0.783921954326948,0.948900360126618,0.959471985773719,0.915840224232142,0,0.95535457389008,0,-0.536180596481877,-0.579051433428056,0.612790272786697,0,0,0.910557234635632,0,0,0.837512812375062,0,-0.889563947700788,-0.855663154693007,0,0,0,0,0,0
Leucorrhinia.hudsonica,0,-0.825985009280352,0,-0.606865790350695,-0.615804972107403,-0.838807099885821,0.890196713249282,0.694420440073161,0,0,0.956613044619572,0.529505010757612,-0.885909039620902,-0.712507245051185,0.309725825702678,0,0.387394047558909,0.618359826805712,0,0.97574528226746,0.96083239552236,0.829211816003569,0,0.956344877001725,0.868334770767013,0.954756305288904,0,0.804826729189925,0,0.949812777933829,0,0,0.893140604022771,0,0,0.723116580899441,0,0.841147634283765,0,0.968356283495555,0.969225669709555,0.880951424499933,0.962272265775002,0.713727438307887,0,0.91220813703375,0,0.787377974121999,0.701232715345039,0.809065929010075,0,0,0.624957055471798,0.707384090950371,0.977438908460095,-0.510410289629239,-0.499109318265125,0,0,0.731793004098393,-0.397243137536585,0.761977212916135,0,0,0,0.864241103688519,0.823651595147531,1,0.900309060105705,0.975949339554617,0,0.800585491393609,0.852445963389269,0.962280399942978,0,0.89011535844381,0,0,0,0,-0.714655762802962,0,0.922964778222637,0,0,0.671070988794094,0,-0.735777264285282,0,0,-0.322813183807678,0,-0.606810205869421,-0.333366063160487,0
Leucorrhinia.intacta,0,-0.557669769258307,0.46879919683789,0,0,-0.579071112841617,0.753385948996548,0.911169963779799,0,0,0.944600704219118,0,-0.977992539562556,-0.909125367295796,0,0,0,0.853383117994035,0,0.928437435243044,0.9531271552097,0.564272479665463,-0.431488901895652,0.957740314122284,0.643230154338799,0.971398716759276,0,0.896391876666179,0,0.897545690614847,0,0,0.988075507485689,0,0.614458817357375,0.85515699750449,0.740957327595585,0.61742178602325,0,0.854236878282658,0.878197842853129,0.972285329911986,0.873011292362823,0.924586190713759,0,0.695917065742081,0,0.512125084554411,0,0.528560948563866,0,0,0.878222342108613,0.925927083929267,0.950858578846865,-0.798977426770922,0,0,0,0.919733054105305,0,0.941028234479434,0,0,0,0.984554187896367,0.952043187965469,0.900309060105705,1,0.934228227781541,0.744632449089935,0.966165486591218,0.984428121930335,0.972843416930551,0,0.990022767319915,0,-0.455547000296469,-0.501559476878899,0.54110834298181,0,0,0.965545871910696,0,0,0.833093880691623,0,-0.899043159814992,-0.846484871163656,0,0,0,0,0,0
Leucorrhinia.proxima,0,-0.774960994466213,0,-0.533518183724746,-0.544118244812357,-0.790537404913435,0.871249066730172,0.751930131206816,0,0,0.968145886661652,0.451850145752457,-0.920461988375497,-0.767065893309123,0,0,0.335248032199901,0.683578063229579,0,0.978671687082264,0.973143514460932,0.77938052004122,0,0.970028229187775,0.826414467199876,0.972571444563603,0,0.834962272047567,0,0.952244421521432,0,0,0.929442380411241,0,0,0.768068461614021,0,0.803890106974032,0,0.956205295986206,0.963417593924438,0.913941015329184,0.956438170554939,0.773470332818942,0,0.87416858982604,0,0.735260294628792,0.639492111684173,0.754840736456197,0,0,0.693755860279515,0.768453172735068,0.98497113552034,-0.583614709558377,-0.418953084234717,0,0,0.785271339847426,0,0.814839851337875,0,0,0,0.903939383036419,0.863645403930712,0.975949339554617,0.934228227781541,1,0.515714877303966,0.849561288547465,0.89470793957645,0.978397979915502,0,0.926342228933763,0,0,0,0,-0.652428959853902,0,0.947497079236201,0,0,0.716823970866396,0,-0.783249945663612,-0.685487772837891,0,0,0,-0.532138216427371,0,0
Libellula.incesta,0.729004871904959,0,0.861618913412718,0,0,0,0,0.885864033029591,0,0,0.562224958978715,0,-0.739101669520246,-0.859109459150943,-0.536521636021273,-0.739845260615152,0,0.895145728944056,0,0.503896651366063,0.573220714322507,0,-0.859084104451616,0.595771190067444,0,0.622977006545812,-0.703192682517521,0.69905407372212,0.824835875814749,0,0,0,0.748643245085987,0,0.905621202479367,0.732807341947238,0.807110224931653,0,0,0,0,0.737762654497286,0,0.887963956821675,-0.727285648882997,0,-0.710353955917966,0,0,0,-0.722319017790451,-0.767019425090472,0.925691182938054,0.900898717162652,0.54493854799373,-0.930995151772318,0.486835559578499,0.711960270496256,0,0.859217026228428,0.572268278686317,0.849237723547129,0.72525968499119,0,0.738491143595334,0.78719008012312,0.783921954326948,0,0.744632449089935,0.515714877303966,1,0.845746526708017,0.803354214602588,0.614994965678315,-0.772289543252175,0.759916750385673,-0.815191919118293,-0.853836858630547,-0.883428889858577,0.901388793257671,0,0,0.658874194002231,0,0,0.776471942366859,-0.772166459898068,-0.806695292192695,-0.86142871991718,0,0.642678665589969,0.683621510980757,0,0.636956706372395,0.851081346768546
Libellula.luctuosa,0.386779113785884,0,0.620519620251145,0,0,-0.41398109340893,0.637138774101038,0.949071210121247,0,0,0.873120363774173,0,-0.95495438514893,-0.935376679693259,0,-0.396519635236389,0,0.915651682677419,0,0.843452563027842,0.879684516729431,0,-0.592703090707563,0.892803225102802,0.489634153270252,0.910903329703907,0,0.878820234203368,0.59881455030911,0.805084314982862,0,0,0.965461872008483,0,0.742355716736442,0.886409209727499,0.804171393629043,0,0,0.738104847788368,0.772879838952296,0.951040664257731,0.771028096973108,0.966971516217841,-0.381965780022693,0.543427378614809,-0.355085768972248,0,0,0,0,-0.438756727610008,0.94368556503595,0.972612428362641,0.870959313822628,-0.887981928039021,0,0.362038161150656,0,0.948195437012697,0,0.9664871474203,0.378281897968072,0,0.414725346549509,0.975086944838315,0.948900360126618,0.800585491393609,0.966165486591218,0.849561288547465,0.845746526708017,1,0.982322845431162,0.910656137482022,-0.45788706915112,0.970350225366573,-0.538010845987166,-0.609048180838813,-0.653623806524193,0.688718953812361,0,0,0.927958442285069,0,0,0.861288512361375,-0.459619368430757,-0.916251300542334,-0.898855672227069,0,0.265590412994903,0,0,0,0.663958062577416
Libellula.pulchella,0.302960584479184,-0.468048027890446,0.556249115891027,0,0,-0.491724994217548,0.694867166296226,0.942311034548009,0,0,0.912056539064864,0,-0.972642164007513,-0.932549576896169,0,-0.31918573364739,0,0.890979953666099,0,0.887425424655338,0.920921018665509,0.476735177983733,-0.523510569970653,0.928379015736424,0.561119239850165,0.945489483557759,0,0.893798650985013,0.536236280441014,0.856774009286466,0,0,0.982501879997313,0,0.686613929378575,0.867733886387634,0.778584838725454,0.538229580380554,0,0.797259715131021,0.826697903707272,0.967571229081533,0.82503697236423,0.9536402604148,-0.301819486031816,0.617214078438944,0,0,0,0.436734455296594,0,-0.360229925145967,0.91833615168804,0.956958878914452,0.914372710190263,-0.852234852199118,0,0.278332127430013,0,0.943877191162055,0,0.960456967200313,0.296605420878445,0,0,0.98638458253845,0.959471985773719,0.852445963389269,0.984428121930335,0.89470793957645,0.803354214602588,0.982322845431162,1,0.946347957412487,-0.385840955171453,0.986724363484758,-0.466475496825428,-0.543441602060468,-0.588566613434548,0.626327119957768,0,0,0.949021614162624,0,0,0.856676153127199,0,-0.915905445340748,-0.878591341817331,0,0,0,0,0,0.60978666653553
Libellula.quadrimaculata,0,-0.699935050556902,0,-0.430509696187352,-0.443315086809774,-0.718991953445959,0.841928712360544,0.830837491037229,0,0,0.974726275227443,0.341851394355936,-0.959439353439464,-0.838540995183794,0,0,0.245899825371134,0.761400466363509,0,0.975212624656561,0.981422343762942,0.706454045385235,0,0.981735124651397,0.766719380059224,0.989023429821252,0,0.874364208381625,0,0.94702924987009,0,0,0.967991926116091,0,0,0.811147913175675,0,0.741279220623162,0,0.931299051502762,0.946115249931596,0.953004213134292,0.939727414174365,0.846297222047154,0,0.817579711839335,0,0.657355043969276,0.552778971989084,0.676949362074244,0,0,0.778341834091879,0.843868281540788,0.988469084953919,-0.680403857250858,-0.306610046632873,0,0,0.85377654401273,0,0.878837054691592,0,0,0,0.951287612683674,0.915840224232142,0.962280399942978,0.972843416930551,0.978397979915502,0.614994965678315,0.910656137482022,0.946347957412487,1,0,0.967036680509398,0,0,0,0.376093117203215,-0.566735926961684,0,0.96892748800543,0,0,0.775378410798506,0,-0.843140561194438,-0.761732911869792,0,0,0,-0.429657577855757,0,0
Macromia.illinoiensis,-0.940214146984795,-0.571161195169465,-0.911063729930339,-0.794399808867735,-0.778078623901192,-0.548622713490604,0,-0.584698127567083,0,0.563208228446866,0,0.844396241710952,0,0.536477302488435,0.836573787543157,0.954533746701391,0.646950690154382,-0.610796015766964,-0.791662927498703,0,0,0.556304345362168,0.944097246572266,0,0,0,0.828622646851036,0,-0.8765220899508,0,0,-0.803314336363364,0,0.631110151877334,-0.836571808466051,0,0,0,0,0,0,0,0,-0.561329894516507,0.949546933894119,0,0.94729487109446,0.600087173929511,0.665192250606518,0.603351289903381,0.900599131815052,0.953733338165444,-0.656848266870063,-0.579636316304919,0,0.733472718104675,-0.865828775051251,-0.944538298247319,0,-0.511258341471664,-0.898424353829034,-0.484494998339569,-0.950864752905523,0,-0.922473316794585,0,0,0,0,0,-0.772289543252175,-0.45788706915112,-0.385840955171453,0,1,0,0.926529080522337,0.916526332472525,0.916492926712001,-0.911180614999819,-0.660707449435441,-0.798863825696999,0,0,0,0,0.9317785432016,0,0.58211278301541,-0.694295674062731,-0.924628192247257,-0.932935321984059,-0.791887613930801,-0.928089472949123,-0.840922346514616
Nehalennia.irene,0,-0.535179737681895,0.490915183698331,0,0,-0.558403557525142,0.740245204329791,0.917801200270967,0,0,0.937277528773582,0,-0.977509464620284,-0.915303965568899,0,0,0,0.864279931076467,0,0.920559837117315,0.946355860428952,0.54385946160787,-0.454392505116379,0.951533358186846,0.622792364171279,0.965316437204794,0,0.898651239881195,0,0.887245030639095,0,0,0.987633930929406,0,0.633018855024789,0.866716931160039,0.750326123610848,0.596012961985686,0,0.841253502264382,0.866009664804971,0.972503982897132,0.861101446509685,0.932957629217333,0,0.677698139547907,0,0.490148545838003,0,0.506086981936094,0,-0.285334535581014,0.890038501068066,0.934928960540512,0.942206038510427,-0.812959116844957,0,0,0,0.926282984097627,0,0.945131135635186,0,0,0,0.986832613845156,0.95535457389008,0.89011535844381,0.990022767319915,0.926342228933763,0.759916750385673,0.970350225366573,0.986724363484758,0.967036680509398,0,1,0,-0.477096986200385,-0.52446772966315,0.56174865709505,0,0,0.964909492417192,0,0,0.843393397925213,0,-0.903928479566038,-0.856028595825913,0,0,0,0,0,0.553291791686665
Ophiogomphus.aspersus,-0.92911587083721,0,-0.926429312234946,-0.74054531709682,-0.72133958515468,0,0,-0.645399355058942,0,0.505284456401047,0,0.794983148038283,0,0.600442972206388,0.778359670584281,0.936707358214261,0.572117926336098,-0.671528321784567,-0.764914754346917,0,0,0,0.953730752634605,0,0,0,0.823674339774036,0,-0.890203563090662,0,0,-0.778292955921115,0,0,-0.873778788522267,-0.446687520438091,0,0,0,0,0,0,0,-0.632908890090824,0.933572334263689,0,0.931261870852117,0,0,0,0.887025759570495,0.945135841433814,-0.720240694129045,-0.652106758155581,0,0.785905587416186,-0.819227567935043,-0.929425605869626,0,-0.581798442875895,-0.861880441783336,-0.563104822708437,-0.936504997337328,0,-0.911821407805542,-0.439808238706709,0,0,0,0,-0.815191919118293,-0.538010845987166,-0.466475496825428,0,0.926529080522337,0,1,0.934707929520939,0.942045249506558,-0.933450527057634,-0.598071669648429,-0.793362159919324,0,0,0,0,0.928223910990628,0,0.646402177866615,0,-0.899576220615311,-0.914485028948268,-0.741517272645215,-0.901858763074625,-0.865735503928022
Ophiogomphus.carolus,-0.907199602323342,0,-0.930685368410319,-0.680900268652206,-0.659498484115691,0,0,-0.706818415718638,0,0.506615836118728,0,0.742346575580327,0.455251137532798,0.664278146940965,0.751888297606821,0.918791484270204,0.541002856132394,-0.727633708849464,-0.739320955911269,0,0,0,0.956484966081399,0,0,0,0.821516462933775,0,-0.890548500754689,0,0,-0.73658817833716,-0.463280095767307,0,-0.894990122830856,-0.505272587949826,-0.691635922979454,0,0,0,0,0,0,-0.694067308794933,0.912355291992731,0,0.900821340967067,0,0,0,0.865654189468283,0.927188829825528,-0.774277691990755,-0.712711122289501,0,0.832450430573407,-0.768251432947785,-0.902063633958105,0,-0.647000030703429,-0.820830248378265,-0.630355052110697,-0.912640925162318,0,-0.892554973836581,-0.518620452032343,-0.536180596481877,0,-0.455547000296469,0,-0.853836858630547,-0.609048180838813,-0.543441602060468,0,0.916526332472525,-0.477096986200385,0.934707929520939,1,0.945268810915733,-0.946911273641527,0,-0.786556182271738,0,0,0,0,0.915529457176527,0.595673489133954,0.703688070169663,0,-0.866086034378654,-0.884479792199481,-0.679300718031103,-0.866480640758018,-0.877593976605031
Ophiogomphus.mainensis,-0.905013146394697,0,-0.943899149438092,-0.656275215416167,-0.633579648609477,0,0,-0.744496078971743,0,0.487228931033165,0,0.721203387423077,0.501706412910047,0.701336673891747,0.732898076753846,0.912390136030253,0.515323508074115,-0.763883649351463,-0.729145261976797,0,0,0,0.963935662860949,0,0,0,0.822156403606479,0,-0.90115041014042,0,0,-0.725318795632672,-0.508820693478108,0,-0.913931128342536,-0.553937339678598,-0.722491350584607,0,0,0,0,-0.499225972175696,0,-0.735414905909334,0.907821456108605,0,0.899318982226341,0,0,0,0.872221394842303,0.925983506459532,-0.809470474445424,-0.753955148960444,0,0.865585548758423,-0.749418393546142,-0.901226775993469,0,-0.689137565759446,-0.806262192464591,-0.672043515884069,-0.90908948693434,0,-0.894714083438441,-0.563990139115017,-0.579051433428056,0,-0.501559476878899,0,-0.883428889858578,-0.653623806524193,-0.588566613434548,0,0.916492926712001,-0.52446772966315,0.942045249506558,0.945268810915733,1,-0.958028325152174,0,-0.786350360282312,-0.39634309490548,0,0,0,0.91702072907075,0.634686492650133,0.739614565703423,0,-0.857942874335798,-0.879496886119652,-0.656212938637682,-0.856917055181214,-0.892977943591841
Pachydiplax.longipennis,0.893691203818379,0,0.946794115985594,0.628675474592675,0.60932850451483,0,0,0.777054741118361,0,-0.49303500226249,0,-0.698024460223849,-0.537369230769872,-0.732118844292098,-0.72604813395164,-0.904035027251963,-0.508349201343285,0.791340757058021,0.720495442604618,0,0,0,-0.962105488696205,0,0,0.383611260792256,-0.817088515917783,0,0.907695609676453,0,0,0.707515333845257,0.547721355131726,0,0.929528885324301,0.577385814394556,0.737787747295533,0,0,0,0,0.53676910267229,0,0.766763156947617,-0.895973930317655,0,-0.887371141761624,0,0,0,-0.863796951960819,-0.920346305923311,0.836884628112153,0.782943102440263,0,-0.884352998131408,0.726362179378161,0.887225298573098,0,0.720160029267969,0.789595132254966,0.705950209092802,0.898076203831999,0,0.885904823054883,0.600492220942797,0.612790272786697,0,0.54110834298181,0,0.901388793257671,0.688718953812361,0.626327119957768,0.376093117203215,-0.911180614999819,0.56174865709505,-0.933450527057634,-0.946911273641527,-0.958028325152174,1,0,0.787579737262678,0.434657405575717,0,0,0,-0.909272114741858,-0.66196185472985,-0.760785154573922,0,0.841796197273178,0.866590929718254,0.628221029236285,0.840893164542789,0.900776896700053
Pantala.flavescens,0.73847564803918,0.922670170364986,0,0.92066566434697,0.912429237275832,0.917239172573354,-0.756000379336445,0,0,0,-0.597946750747367,-0.8980327041972,0,0,-0.725790387857447,-0.72695899945893,-0.650173506014067,0,0,-0.663565232612546,-0.594327061647833,-0.912965785618526,-0.573213204483626,-0.575379279114415,-0.880862149623048,-0.55498854551947,0,0,0,-0.658553578806106,0,0.759328861615516,0,0,0,0,0,-0.864113117827629,0,-0.764774192925233,-0.732133245411768,0,-0.718128314849747,0,-0.737250153070277,-0.885193894712125,-0.753484812244934,-0.90787224143665,-0.896254927214838,-0.928409584671537,0,-0.70275933349003,0,0,-0.634914021193669,0,0.890766141752609,0.75925312255238,0,0,0.840512666705496,0,0.748610400732333,0,0.68623095367808,0,0,-0.714655762802962,0,-0.652428959853902,0,0,0,-0.566735926961684,-0.660707449435441,0,-0.598071669648429,0,0,0,1,0,-0.494998675240376,0,0,0,-0.653963486851266,0,0,0.84211809330132,0.812235291915445,0.776472171937567,0.92439552221577,0.821075825146911,0
Perithemis.tenera,0.797553615092086,0,0.781562187028925,0,0,0,0,0,0,0,0,0,0,0,-0.693400038072387,-0.807215881476616,0,0,0,0,0,0,-0.806529340835537,0,0,0,0,0,0.761416294148013,0,0,0,0,0,0.744917108471491,0,0,0,0,0,0,0,0,0,-0.797368678192992,0,-0.800198720270623,0,0,0,-0.754130967123929,-0.807343059110666,0,0,0,0,0,0.795578940635887,0,0,0.748030550720578,0,0.801578821426137,0,0.782568905148273,0,0,0,0,0,0,0,0,0,-0.798863825696999,0,-0.793362159919324,-0.786556182271738,-0.786350360282312,0.787579737262678,0,1,0,0,0,0,-0.795172808048387,0,0,0,0.775372125394215,0.785916567238784,0,0.781759239031219,0.73734659252951
Plathemis.lydia,0,-0.634750472813457,0,-0.35287339018994,0,-0.656087110567068,0.796255959460372,0.834037370870284,0,0,0.94778888481353,0,-0.952674829048789,-0.836775340009506,0,0,0.290240193772838,0.790842983220611,0,0.946128776795075,0.952158604901473,0.637738510982723,-0.320373809383974,0.959972090599039,0.708997553782666,0.965737853797551,0,0.865069122634479,0,0.904004763503723,0,0,0.961038217060794,0,0.518850621083859,0.882726765396693,0,0.670585125232188,0,0.883952252740727,0.904755478073595,0.949723596304441,0.897473956387016,0.870647641338589,0,0.756714819489946,0,0.596464587458191,0,0.609335722323649,0,0,0.811074230011133,0.87409264245064,0.956870046677124,-0.717615462258012,0,0,0,0.863802004624092,0,0.893303052078354,0,0,0,0.95090397575069,0.910557234635632,0.922964778222637,0.965545871910696,0.947497079236201,0.658874194002231,0.927958442285069,0.949021614162624,0.96892748800543,0,0.964909492417192,0,0,-0.39634309490548,0.434657405575717,-0.494998675240376,0,1,0,0,0.792542126471851,0,-0.849511484554045,-0.786775335038042,0,0,0,-0.348315123150273,0,0
Somatochlora.elongata,0,0,0,0,0,0,0,0,0,0,0,0,0,0,0,0,0,0,0,0,0,0,0,0,0,0,0,0,0,0,0,0,0,0,0,0,0,0,0,0,0,0,0,0,0,0,0,0,0,0,0,0,0,0,0,0,0,0,0,0,0,0,0,0,0,0,0,0,0,0,0,0,0,0,0,0,0,0,0,0,0,0,0,1,0,0,0,0,0,0,0,0,0,0,0
Somatochlora.walshii,0,0,0,0,0,0,0,0,0,0,0,0,0,0,0,0,0,0,0,0,0,0,0,0,0,0,0,0,0,0,0,0,0,0,0,0,0,0,0,0,0,0,0,0,0,0,0,0,0,0,0,0,0,0,0,0,0,0,0,0,0,0,0,0,0,0,0,0,0,0,0,0,0,0,0,0,0,0,0,0,0,0,0,0,1,0,0,0,0,0,0,0,0,0,0
Somatochlora.williamsoni,0,0,0,0,0,0,0,0.838903679729355,0,0,0.741512577827845,0,-0.827390658106363,-0.833016510129251,0,0,0,0.819655509161721,0,0.709587941635948,0.746370014177457,0,0,0.760800317499442,0,0.776950958067339,0,0.771549847671853,0,0.678160588326858,0,0,0.835557941428075,0,0.694011142294034,0.784470739835728,0,0,0,0,0,0.829235635257347,0,0.858039229937552,0,0,0,0,0,0,0,0,0.842085293884022,0.864557819072246,0.734979130897742,-0.800396614448019,0,0,0,0.842281524263655,0,0.853128788590957,0,0,0,0.849976107647575,0.837512812375062,0.671070988794094,0.833093880691623,0.716823970866396,0.776471942366859,0.861288512361375,0.856676153127199,0.775378410798506,0,0.843393397925213,0,0,0,0,0,0,0.792542126471851,0,0,1,0,-0.8035367021683,-0.806491330675907,0,0,0,0,0,0
Stylogomphus.albistylus,-0.936275639301277,-0.561946842137835,-0.907867057723729,-0.787455961092328,-0.769082084585594,-0.540842238550757,0,-0.585736839876617,0,0.555560715740202,0,0.83470382309994,0,0.540393793752451,0.827987711584475,0.951110702100923,0.639524349607524,-0.60841152343244,-0.788503505831814,0,0,0.55056121913876,0.945171132626581,0,0,0,0.829060297853132,0,-0.87011788560674,0,0,-0.798186431669912,0,0.623028584487353,-0.839963748714964,0,0,0,0,0,0,0,0,-0.561453939327044,0.945521978733242,0,0.939360366396233,0.586309023386583,0.651372162008345,0.595134990383563,0.894728092041245,0.948374694364342,-0.657654353297844,-0.581134795232889,0,0.735022389874628,-0.856755209797811,-0.938054767282567,0,-0.514705766134832,-0.888944945113733,-0.490040104583648,-0.944189111967151,0,-0.91747611518664,0,0,0,0,0,-0.772166459898068,-0.459619368430757,0,0,0.9317785432016,0,0.928223910990628,0.915529457176527,0.91702072907075,-0.909272114741858,-0.653963486851266,-0.795172808048387,0,0,0,0,1,0,0.586035852506227,0,-0.916158074884566,-0.926801979091316,-0.784846596960854,-0.921068525365425,-0.836258187506354
Stylurus.scudderi,0,0,-0.605304398166269,0,0,0,0,-0.899884974013833,0,0,-0.80424388009293,0,0.893246826833151,0.891745582744987,0,0,0,-0.864938633018227,0,-0.775562133199332,-0.81544432515891,0,0.577347366970171,-0.825324546769065,0,-0.845740681045694,0,-0.831545225500817,0,-0.744215356977598,0,0,-0.897976801044569,0,-0.71107536735817,-0.799526044499218,-0.766017269448763,0,0,-0.675676972165921,-0.709950198173033,-0.887002864041205,-0.704254697278354,-0.906754630345637,0,0,0,0,0,0,0,0,-0.890534988997041,-0.909904300475455,-0.805747110240902,0.843298639210742,0,0,0,-0.898373036924782,0,-0.904594257610564,0,0,0,-0.909734241618511,-0.889563947700788,-0.735777264285282,-0.899043159814992,-0.783249945663612,-0.806695292192695,-0.916251300542334,-0.915905445340748,-0.843140561194438,0,-0.903928479566038,0,0.595673489133954,0.634686492650133,-0.66196185472985,0,0,-0.849511484554045,0,0,-0.8035367021683,0,1,0.860047721295717,0,0,0,0,0,0
Stylurus.spiniceps,-0.521502325742384,0,-0.715218639288401,0,0,0,0,-0.900375497573119,0,0,-0.715564743354107,0,0.838203110909934,0.888962007414554,0,0.534605825240218,0,-0.874882643445396,0,-0.674137947529186,-0.728268237923324,0,0.693471332191697,-0.741310523356307,0,-0.76434897050594,0,-0.783254282962817,-0.680723367521356,0,0,0,-0.849062086406491,0,-0.790446742509596,-0.791169838367811,-0.791271753396792,0,0,0,0,-0.834898939037877,0,-0.910268438987839,0,0,0,0,0,0,0,0.569148450788282,-0.912136270037659,-0.917800760673544,-0.708710706648317,0.890119081551252,0,0,0,-0.890915265285435,0,-0.890080882850218,-0.517034155463437,0,0,-0.871888056385322,-0.855663154693007,0,-0.846484871163656,-0.685487772837891,-0.86142871991718,-0.898855672227069,-0.878591341817331,-0.761732911869792,0.58211278301541,-0.856028595825913,0.646402177866615,0.703688070169663,0.739614565703423,-0.760785154573922,0,0,-0.786775335038042,0,0,-0.806491330675907,0.586035852506227,0.860047721295717,1,0,0,0,0,0,-0.73347126896189
Sympetrum.costiferum,0.767692165580528,0.837645316432633,0,0.877724605238744,0.867729732947819,0.824114401936667,0,0,0,0,0,-0.865561731095253,0,0,-0.704472672987675,-0.751851825831601,-0.597075121793243,0,0,0,0,-0.832168899903481,-0.629602529025503,0,-0.783655460656469,0,0,0,0,0,0,0.760615324090292,0,0,0,0,0,-0.774521373250098,0,-0.640296778988211,0,0,0,0,-0.761041896617694,-0.78432954720011,-0.774364406247832,-0.826109520061781,-0.842088805176731,-0.847768352006765,0,-0.737675110335817,0,0,0,0,0.867673931414416,0.782037166213853,0,0,0.835530545479643,0,0.772008203165733,0,0.719455357975768,0,0,0,0,0,0,0,0,0,-0.694295674062731,0,0,0,0,0,0.84211809330132,0,0,0,0,0,0,0,0,1,0.82105406896672,0.789499060037937,0.878421738135641,0.827725019747037,0
Sympetrum.internum,0.972467227299547,0.748131771440516,0.861449236117731,0.916905671691869,0.901249420864772,0.726406558134101,0,0.39358734839682,0,0,0,-0.943134384301189,0,0,-0.825493526308479,-0.960789023729825,-0.635006385389991,0,0.822854903923987,0,0,-0.738034648905047,-0.90455094085046,0,-0.654833776980553,0,-0.804974378362872,0,0.824021818468622,0,0,0.866042545033712,0,0,0.747285793299927,0,0,-0.65103150666716,0,-0.407393288651973,-0.358124270456102,0,0,0.381839737414637,-0.966303605313749,-0.632525574521711,-0.969995341269254,-0.756938913134285,-0.806568127961683,-0.775134435645093,-0.889669025757858,-0.958532733939125,0.496890196177597,0.408502447493024,0,-0.591960655864214,0.95684024499675,0.979117762903088,0,0,0.964774513023967,0,0.977019031764017,0,0.935343637533193,0,0,-0.322813183807678,0,0,0.642678665589969,0.265590412994903,0,0,-0.924628192247257,0,-0.899576220615311,-0.866086034378654,-0.857942874335798,0.841796197273178,0.812235291915445,0.775372125394215,0,0,0,0,-0.916158074884566,0,0,0.82105406896672,1,0.974206883687453,0.919863483752525,0.9864707908805,0.757988484467614
Sympetrum.obtrusum,0.973258704052027,0.704323498135488,0.881985845138262,0.889190442511316,0.873271391817623,0.682212218138001,0,0.450205694957578,0,0,0,-0.921160667113935,0,0,-0.834461397830454,-0.965465604171663,-0.64181875218907,0,0.81958899764107,0,0,-0.691352488572634,-0.922237909133773,0,-0.605965319535518,0,-0.816545524807484,0,0.84391300017218,0,0,0.855056859479369,0,0,0.779212878374818,0,0,-0.600732623046499,0,0,0,0,0,0.435329273939067,-0.967366265887048,-0.579931554348499,-0.968039205305493,-0.718043160540255,-0.77060185377058,-0.732420605377717,-0.895177872647654,-0.964030562170203,0.545975866214271,0.459570983599421,0,-0.638496356536706,0.937412108012989,0.977649986229096,0,0,0.951515250042548,0,0.975169516209628,0,0.936389158010206,0,0,0,0,0,0.683621510980757,0,0,0,-0.932935321984059,0,-0.914485028948268,-0.884479792199481,-0.879496886119652,0.866590929718254,0.776472171937567,0.785916567238784,0,0,0,0,-0.926801979091316,0,0,0.789499060037937,0.974206883687453,1,0.892259883529959,0.975378285465,0.785209517104437
Sympetrum.semicinctum,0.865053293682494,0.903696422392754,0.668270368394724,0.967972665265835,0.958369076568545,0.894215151892925,-0.679939808756658,0,0,0,-0.472144962465937,-0.961498195355593,0,0,-0.797155726748236,-0.853086834114152,-0.673145265389443,0,0.778676927486051,-0.54405613658845,-0.465584061838471,-0.897650302759929,-0.725973809388497,-0.441867462328973,-0.843082482488411,-0.418970248272968,0,0,0.645733761320284,-0.545614231315808,0,0.842858440883758,0,0,0,0,0,-0.828073241525805,0,-0.671551339559646,-0.633036870696996,0,-0.619382782243775,0,-0.862955540325186,-0.839028346113315,-0.874172150872862,-0.899707193581734,-0.912601790693112,-0.920538340777881,-0.772461697759711,-0.833589279881605,0,0,-0.510379039861996,0,0.962882410886035,0.879815771507468,0,0,0.932064400478412,0,0.872342426429185,0,0.817879114680776,0,0,-0.606810205869421,0,-0.532138216427371,0,0,0,-0.429657577855757,-0.791887613930801,0,-0.741517272645215,-0.679300718031103,-0.656212938637682,0.628221029236285,0.92439552221577,0,-0.348315123150273,0,0,0,-0.784846596960854,0,0,0.878421738135641,0.919863483752525,0.892259883529959,1,0.925425622124417,0
Sympetrum.vicinum,0.972287737041569,0.757748263587345,0.861707040536252,0.924781375202597,0.908373994747669,0.738681251018421,0,0.392444999446369,0,-0.509390735757509,0,-0.949958335846559,0,0,-0.848986438888422,-0.966351803267617,-0.666827222536958,0,0.834579338747971,0,0,-0.746303588201521,-0.905752832850128,0,-0.665184326855934,0,-0.808466776967231,0,0.826467026324044,0,0,0.872841964927668,0,0,0.745932840524674,0,0,-0.657707446670893,0,-0.41710523769664,-0.368362930511415,0,0,0.372992339725329,-0.970098471777642,-0.643106819555732,-0.974198769226828,-0.766909648985006,-0.815729750715096,-0.783382770868205,-0.894213312589639,-0.960995910533761,0.489966201421398,0.398336368578209,-0.217132119390803,-0.58725988192952,0.964893475358157,0.979193161955768,0,0,0.971438384201595,0,0.97926921235005,0,0.936539627970605,0,0,-0.333366063160487,0,0,0.636956706372395,0,0,0,-0.928089472949123,0,-0.901858763074625,-0.866480640758018,-0.856917055181214,0.840893164542789,0.821075825146911,0.781759239031219,0,0,0,0,-0.921068525365425,0,0,0.827725019747037,0.9864707908805,0.975378285465,0.925425622124417,1,0.757432483063376
Tramea.lacerata,0.810748771746063,0,0.872576739256245,0,0,0,0,0.746539834387998,0,0,0,0,0,-0.713890302151695,-0.677429137004978,-0.82768711578121,-0.482025469889096,0.756625853631238,0,0,0,0,-0.891265376013408,0,0,0,-0.758406606367083,0,0.848164612523953,0,0,0,0,0,0.874014590181386,0.544511372331533,0.714068987613853,0,0,0,0,0,0,0.735886485586839,-0.818867296181495,0,-0.807083201934446,0,0,0,-0.798902298229213,-0.842467333838519,0.795622943262769,0.74850327800484,0,-0.839668554851596,0.649391787410608,0.803676900325965,0,0.702132508100989,0.709070415729764,0.679438436711781,0.817440834577357,0,0.806741443192475,0.586628424863547,0,0,0,0,0.851081346768546,0.663958062577416,0.60978666653553,0,-0.840922346514616,0.553291791686665,-0.865735503928022,-0.877593976605031,-0.892977943591841,0.900776896700053,0,0.73734659252951,0,0,0,0,-0.836258187506354,0,-0.73347126896189,0,0.757988484467614,0.785209517104437,0,0.757432483063376,1
